name,gender
vaishanvi,f
gulfsa,f
hari,m
mantu,m
monika,f
ajit,m
jang,m
sukar,m
kishan,m
divya,f
tannu,f
mansoor,m
anshu,f
bharat,m
anil,m
noor,m
prithvi,m
arvind,m
rita,f
tara,m
rashi,f
amit,m
ghanshyam,m
himanshi,f
sushma,f
minakshi,f
harish,m
soni,f
ram,m
razni,f
sushila,f
javid,m
umashankar,m
chandan,m
dharm,m
surender,m
arshad,m
krishen,m
vidya,f
mahender,m
alka,f
nirmala,f
deepali,f
vipasha,f
anju,f
narender,m
sita,f
sunder,m
bhawana,f
rajeev,m
gaurav,m
mamta,f
twinkal,f
deepa,m
parsi,f
chandani,f
amarjeet,m
payal,f
sunita,f
klu,f
neelam,f
zarina,f
kajal,f
makrud,m
phulkana,f
priya,f
suman,f
kanwar,m
sandeep,m
kanchan,f
krishan,m
rabita,f
meenakshi,f
rosan,f
himanshu,m
sarita,f
chottu,m
abhay,m
ramkaran,m
pallavi,f
megha,f
sandhya,f
tanmay,m
vishal,m
guddi,f
urmila,f
shama,f
rizwan,m
kirti,f
aarti,f
deepak,m
mandeep,m
maya,f
malti,f
sabrajeet,m
resham,f
radha,f
sapna,f
nadir,m
sheela,f
hemlata,f
arjoo,m
chandra,f
rajbir,m
shweta,f
gauri,f
pal,m
netram,m
nagma,f
abishak,m
javed,m
seweta,f
dinesh,m
chanderkala,f
shashi,f
sakir,m
karim,m
chom,m
bandu,m
birjesh,m
manish,m
laxmi,f
neeraj,m
ramkishan,m
ravi,m
raja,m
lalita,f
shyam,m
saurabh,m
rahul,m
mohit,m
amar,m
maisan,m
aakanksha,f
rihal,m
chahat,f
harkesh,m
ruksar,f
pooja,f
aakash,m
kanta,f
saranthem,f
badrudeen,m
vijay,m
manoj,m
najubai,m
daniel,m
sangeeta,m
bechan,m
mubashir,m
chander,m
poonam,f
vikas,m
ganpatram,m
parem,m
pyare,m
pramod,m
nitin,m
isha,f
neha,f
sanjay,m
manjula,f
jaioni,f
hakam,m
amina,f
sobi,m
jyoti,f
umesh,m
toni,m
anshu,m
parwati,f
manisha,f
reena,f
bobby,m
manjinder,f
kapil,m
kasturi,f
ramchander,m
asma,f
roshan,m
dharmender,m
dhiraj,m
seema,f
yashpal,m
raju,m
vipul,m
mohan,m
ashwani,m
sarjeet,m
naresh,m
nahid,f
reeta,f
nasiar,m
anubhav,m
jaitun,f
kavita,f
kamlesh,f
nishu,f
rinkoo,m
shankar,m
sabra,f
bharti,f
pankaj,m
naseeba,f
subhakar,m
ajay,m
sakshi,f
narendra,m
rajesh,m
mithlesh,m
abhinav,m
jawahar,m
chandini,f
rekhai,m
rani,f
shakir,m
marsi,f
devyani,f
bhupendra,m
gandharv,m
seeta,f
rubeena,f
arti,f
sachin,m
savita,f
priti,f
bhadur,m
lal,m
anjana,f
renu,f
pholwati,f
sonu,m
kuldeep,m
pooja,m
karmveer,m
sukhveer,m
karshma,f
anash,m
bablu,m
shkundla,f
ramji,m
sorabh,m
preeti,f
mahadevi,f
manpreet,f
vicky,m
kamal,m
rekha,f
gourav,m
narayan,m
sonia,f
suraj,m
kanta,m
rukhsar,f
jalil,m
shalini,f
aoosaf,m
pardeep,m
sagar,m
rinju,f
rajina,f
khushbu,f
gajana,f
shkur,m
arsi,f
saroj,f
kranti,f
kumari,f
pappu,m
hetal,f
mukesh,m
sipra,f
bhimsen,m
sabeena,f
subhash,m
yogesh,m
naim,m
boby,m
netra,m
sashi,f
beauty,f
archana,f
anuj,m
homa,m
dulichand,m
aslam,m
priyanka,f
saraswati,f
ankit,m
vikram,m
sawtri,f
somnath,m
jagdish,m
pushpa,f
abhishek,m
aaftaab,m
reshma,f
ganga,m
monu,m
gawali,m
ashish,m
inderjit,f
rajni,f
amarapal,m
ratna,f
begam,f
rajani,f
nar,m
nand,m
rajindre,f
kamlesh,m
nazima,f
rinki,f
sobha,f
meena,f
roshni,f
gorav,m
sujata,f
akash,m
sanni,m
sana,f
praveen,m
muskan,f
shashai,m
madhu,f
chand,m
firoj,m
komal,m
ruksana,f
puja,f
asif,m
danveer,m
aayush,m
mast,m
rakesh,m
ruby,f
avnish,m
praveen,f
firoz,m
vivekanand,m
pushkar,m
babu,m
ramlal,m
shivam,m
nisha,f
sitara,f
rachana,f
anita,f
vaseem,m
rishiraj,m
kiran,f
toquir,m
satish,m
ravina,f
bhanwar,m
ritesh,m
subodh,m
sarvesh,m
bhima,m
jeeshan,m
diti,f
raj,m
komal,f
raeeyan,m
nelam,f
shivani,f
santosh,m
sangita,f
sona,f
aditi,m
vi,m
sonam,f
nirmla,f
sunaina,f
deepa,f
amritpal,m
tanveer,m
durga,f
nitu,f
bhuri,f
leelawati,f
rohitash,m
bindu,f
teena,f
amarjit,f
ankur,m
kailash,m
nitesh,m
geeta,f
nirmal,f
puran,m
bada,m
jahani,f
abhishik,m
joyti,f
sudha,f
avinash,m
karan,m
aman,m
babli,f
dhurender,m
pryanka,f
sabina,f
dund,m
islamuddin,m
labh,m
naina,f
sonu,f
kureja,f
trilok,m
sandhaya,m
govind,m
madan,m
amrita,f
inder,m
annu,f
nikhil,m
rana,m
hajrat,m
sushil,m
chertamani,m
shorav,f
ramchandra,m
rohit,m
narayani,f
kiranti,f
deepika,f
paramjeet,m
sangeeta,f
anurag,m
dharmveer,m
ranjeet,m
arjun,m
muntrin,f
idrish,m
jogender,m
mangi,f
sikha,f
sunil,m
itwari,m
sugai,m
sharda,f
mustkeem,m
abdul,m
shahnaz,f
vinita,f
ramveer,m
vadhi,f
uma,m
jai,m
haider,m
vakesh,m
ebane,m
somwati,f
mohani,f
sudhir,m
akkni,m
dholi,f
jalmi,m
sehjan,m
shobha,f
rubina,f
yaman,m
sabbu,m
samir,m
irshad,m
nikita,f
suresh,m
jaskirat,m
sweta,f
sahadeb,m
tahira,f
soniya,f
jot,m
deeya,f
sabita,f
ravinder,f
noorjhan,f
chanda,f
farhanaaz,f
asha,f
sima,f
ramavtar,m
ramu,m
babita,f
prahlad,m
neelu,f
vedh,m
kadir,m
vipendra,m
arun,m
wazid,m
manbhari,f
sarla,f
shakil,m
preetam,m
annu,m
satyam,m
for,m
bhanwari,f
shakeena,f
vipin,m
anjum,f
ravita,f
dhannu,m
somil,f
hardeep,m
devi,f
shayna,f
kamla,f
lila,f
purnima,f
baby,f
deepanker,m
sahil,m
sudama,f
sany,m
jainaf,f
shivji,m
aadil,m
dilip,m
mum,m
joity,f
prameela,f
shabana,f
richa,f
bina,f
prashansa,m
nisha,m
farida,f
toshar,m
ashu,m
pemaram,m
chandra,m
sumit,m
dhanna,m
sanjeev,m
gulshan,m
rupa,f
dali,f
viriya,m
shital,f
ratani,f
sayara,f
shamshad,m
shiv,m
mursida,f
kritika,f
rajiv,m
manowar,m
kirti,m
kishnaram,m
shalu,f
anshul,m
rijwana,f
phool,f
swati,f
santosh,f
chanchal,f
laltha,m
ranveer,m
ali,m
rena,f
reetu,f
usha,f
himani,f
lokesh,m
karishma,f
aasim,m
ganesh,m
pratibha,f
roshan,f
naveen,m
sumitra,f
saweta,f
ravinder,m
kumkum,f
ruchi,f
faujdar,m
begraj,m
chanden,m
kumar,m
himmat,m
rajeshwari,f
bhanu,m
nena,f
ajahar,m
dhanraj,m
jitender,m
simran,f
aasu,f
ashok,m
maha,m
soma,f
parth,m
shahid,m
manju,f
anita,m
shambhu,m
moharan,m
shgita,f
devraj,m
shiwani,f
supriya,f
humera,f
swagtika,f
yashin,m
kanya,f
rukhsana,f
akhilesh,m
harsh,m
jaswant,m
bhisan,m
aasif,m
ishwar,m
batloon,f
rajjit,m
seeta,m
parvez,m
hasina,f
mona,f
deepu,m
goverdhan,m
chandni,f
kashmir,m
jatan,m
vimala,f
pinki,f
jgdish,m
munna,m
rameshwar,m
vimla,f
iqbal,m
shadan,m
shivangi,f
vivek,m
nathu,m
kamaljeet,m
kalu,m
chatru,m
ibraham,m
tahseen,f
madam,f
roopa,f
mangal,m
arman,m
karishan,m
raj,f
bittu,m
sony,f
neetu,f
sabana,f
sharukh,m
tammanne,m
ambika,f
khashbu,f
kushum,f
chhoti,f
aasmin,f
rajat,m
promila,f
inderjeet,m
nazreen,f
bhulan,m
gurpreet,m
pradeep,m
tony,m
varsha,f
rama,m
mahinudin,m
vinod,m
hema,f
shima,f
manno,f
archna,f
roshini,f
marti,f
kartik,m
ranjay,m
sonali,f
gopiram,m
shahnaza,f
ram,f
takshila,f
lalit,m
sazia,f
chanderpal,m
harun,m
shivraj,m
aahim,m
azmira,f
beenu,m
name,m
arab,m
mangi,m
aafrin,f
fanni,m
bhawari,f
kuldeep,f
satyanarayan,m
ranjit,m
laxman,m
pawan,f
saeed,m
kaushal,m
vinay,m
dimpal,f
dharmpal,m
ragini,f
shimla,f
kanhaiya,m
fatima,f
pintu,m
asiwani,m
shobina,f
stifen,m
gendu,f
jagat,m
ansh,m
deepanshi,f
lilu,m
ifteshyam,f
shaurabh,m
surjeet,m
ramswaroop,m
rajveer,m
shakuntla,f
gora,f
saheb,m
jubeda,f
birju,m
aamin,m
akhtri,f
parveen,f
dipti,f
frjana,f
prateek,m
gopal,m
sukanya,f
pintu,f
razia,f
firdosh,f
munbura,f
suganti,f
preety,f
afrin,f
fateh,m
virender,m
lalu,m
mishbha,f
shanti,f
sameer,m
bhopal,m
ranjana,f
pree,f
jasbir,m
sawan,m
abbas,m
dipali,f
fazaz,m
rampher,m
shree,m
samina,m
devender,m
laltesh,f
gunjan,f
panna,m
na,f
farjana,f
julee,f
akshay,m
roshani,f
lovely,f
rashid,m
sunny,m
shanawaz,m
jaanki,f
aaysha,f
rajendar,m
yashmin,f
farukh,m
rukshana,f
jaya,f
sanju,f
pawan,m
aayana,f
dhirender,m
sher,m
anwar,m
prem,m
sushri,f
sahiba,f
dhram,m
prya,f
foolmaya,f
irphan,m
sagir,m
sekha,m
balchand,m
papp,m
sahab,f
deepak,f
ridhima,f
rahil,f
rikkenchi,f
manjeet,f
rachna,f
tausin,m
roobi,f
doli,f
madina,f
utam,m
ramesh,m
nandni,f
lakhvinder,f
shanaz,f
ashiya,f
mana,f
bhuvneshwar,m
sharmili,f
balraj,m
hisham,m
gita,f
yogesh,f
chetna,f
iesha,f
mohini,f
jugan,f
parerna,f
wahid,m
roshanara,f
subburaiyalu,m
shabbir,m
aamod,m
mala,f
ranjit,f
lakhe,f
chetram,m
jatin,m
prince,m
yogender,m
atif,m
santram,m
zeshan,m
lokender,m
jaijairam,m
parhalad,m
rajan,m
rashmi,f
ramjeet,m
anjali,f
meesh,f
charan,m
jaid,m
manash,m
yasmin,f
nargis,f
bahalen,f
sarvesh,f
dur,f
usman,m
nareshpal,m
gudiya,f
sahrukh,m
jahid,m
sahid,m
satvir,m
partik,m
shiva,f
lakhihadar,f
karisma,f
riyajudhin,m
chotu,m
sukhwanti,f
sushpal,m
shamshina,f
vashisast,m
tabbasum,f
balkishan,m
pannu,m
ayan,m
yasin,m
sunena,f
shikha,f
rampal,m
bhartendu,m
sohan,m
prayatan,m
asish,m
kosaleya,f
sajan,m
kamruddin,m
rawana,f
moti,f
khanchan,f
lata,f
riyasat,m
nidhi,f
prdeep,m
meenu,f
satyanara,m
varun,m
kamlash,f
pramal,m
lucky,m
krishna,f
amisha,f
rakshit,m
varisha,f
veero,f
naimuddin,m
phoolo,m
aashiya,f
husainpreet,f
priyansi,f
sharee,m
meera,f
rajendra,m
adarsh,m
parbhat,m
tilakram,m
rimzim,f
mahipal,m
ritu,f
aisha,f
bhori,f
rajkumar,m
ajad,m
dev,m
anuradha,f
prem,f
antim,f
devi,m
albina,f
aliya,f
shaloo,f
nargish,f
parveen,m
akram,m
bhagchand,m
shani,m
kailesh,m
sufiyan,m
mehnaj,f
leena,f
aanchal,f
khushi,f
surajbhan,m
sapana,f
raismi,f
srita,f
nanshi,f
saiesta,f
kafia,f
avfesh,m
angad,m
raviraj,m
dharmendra,m
raman,f
nasreema,f
prashant,m
abdulla,m
suwadhin,m
kheem,m
surbhi,f
ratul,m
benay,m
kewal,m
siddharth,m
rupanjali,f
anand,m
bake,m
omendra,m
kusum,f
manjeet,m
sabbir,m
sanjya,m
aleesha,f
jahir,m
anup,m
pramila,f
karuna,f
sultan,m
satyapal,f
asgari,f
balwan,m
hina,f
rakhi,f
vimal,m
kishore,m
girija,f
gyatri,f
rajwanti,f
manu,f
tanuja,m
akhlakh,m
khalid,m
bhupesh,m
sarvjeet,m
rajaram,m
shjad,m
shakib,m
parmo,m
kudeep,m
shamsuddin,m
gordhan,m
binja,m
amir,m
sanha,f
poneem,f
sanjeevan,m
kanti,f
shiva,m
sudershan,m
shanu,f
brahmanand,m
deepan,m
sahana,f
shilpi,f
mariyam,f
sanju,m
moni,m
vikki,m
indira,f
gulsida,f
marya,f
phirdos,m
ritu,m
jalaluddin,m
anjli,f
hansraj,m
sudhanshu,m
biram,m
roop,m
mannulal,m
atul,m
munnia,f
menpal,m
aniket,m
aas,m
limca,f
mamtha,f
meenu,m
panchi,f
ziarul,m
shafibul,m
gulshan,f
chhagana,f
wiliyam,m
anshuman,m
abhimanyu,m
susila,f
tanu,f
suneeta,f
keshram,m
diksha,f
chhatar,m
jumrati,m
revndrshing,m
prakash,m
krishma,f
khushal,m
shyamlal,m
megharaj,m
munni,f
pinky,f
ijhar,m
ashutosh,m
samadh,m
kajamuddih,m
lakshit,m
rada,f
jamana,f
saddam,m
shana,f
omparsad,m
emilia,m
digvijay,m
tulsiram,m
sonyi,f
awshin,f
devesh,m
omwati,f
najrana,f
bhaddal,m
balram,m
rajbala,f
mukhtyar,m
sumer,m
mohatter,m
neeta,f
nazma,f
manful,m
sudesh,f
kamala,f
rony,m
hiralal,m
habiba,f
farha,f
mahavir,m
pawansingh,m
archita,f
divy,m
halke,m
kajar,f
ajeet,m
seeba,f
kalpna,f
manira,f
veer,m
rolly,m
frra,f
pardeshi,m
meghana,f
mehbob,m
tapas,f
indra,f
mithlesh,f
najma,f
sushhmita,f
harjit,f
davinder,m
sheikh,m
mooldan,m
gurupreet,f
kunal,m
janvi,f
bhagwati,m
kirshanpal,m
mustak,m
paramshela,f
gurpreet,f
prshant,m
choturam,m
nilam,f
sulekha,f
anish,m
rajkumari,f
sanjana,f
kesha,f
champa,f
jeevan,m
monupal,m
pancu,m
pamjeet,f
suntia,f
rumeet,m
imaman,m
sadabrij,m
phakir,m
ramkumar,m
punit,m
saif,m
rishabh,m
chameli,f
radhey,m
asruddin,m
pooranmal,m
moh,m
meghashayam,m
nasruddin,m
buddhi,m
shaila,f
mahesh,m
vikesh,m
rajenderi,f
nrotam,m
jasim,m
shavitri,f
kanika,f
rambiri,f
mahima,f
subhadra,f
janki,f
babuddin,m
ratni,f
bhagat,m
shamim,m
heera,m
aaenab,m
upender,m
ramesh,f
mehnaz,f
mahammd,m
bilal,m
mahendra,m
guluram,m
vanshu,m
duraga,m
bijendra,m
bavita,f
jakir,m
radheshyam,m
babalu,m
tinvkal,f
irtu,f
varsa,f
hariom,m
mintu,f
nayeem,m
bhud,m
farina,f
ranu,f
sahida,f
madhuni,f
rajkali,f
udaiy,m
kuso,f
narsa,m
gurucharan,m
anjuman,f
mubarik,m
zaki,m
girraj,m
kirshn,m
pushpawati,f
muntiyaj,m
aashma,f
anoop,m
bunty,f
suman,m
sajjan,m
dilshad,m
senser,m
aasha,f
susmita,f
gopal,f
mehak,f
shmejha,f
manver,m
partima,f
rafat,f
jassi,f
rajnish,m
rma,m
tarbez,m
salman,m
dasharath,m
shaikh,m
altmash,m
soni,m
man,m
sanjeet,m
anokha,m
shayamveer,m
pari,f
deepi,m
deepti,f
gurnam,m
lakshya,m
faraz,m
basant,m
mina,f
shipra,f
surya,m
surendra,m
heeera,m
mahfuj,m
sujeet,f
hem,m
amrin,f
kohinoor,f
rizvana,f
sushila,m
ranjna,f
safiya,f
sujit,m
matadeen,m
kulsum,f
devinder,m
mukkesh,m
kesar,f
suneel,m
beena,f
gaura,f
umang,m
mayuri,f
hini,f
jasoda,f
insaf,m
leela,f
vijaypal,m
samad,m
rinku,f
imran,m
jhawar,m
madhvi,f
geet,f
pavnesh,m
om,m
surendr,m
jag,m
ramswroop,m
kiran,m
devendra,m
gayatri,f
silender,m
babali,f
rajender,m
savitri,f
najiya,f
partap,m
isika,f
sahna,f
durjan,m
sania,f
harji,m
gurmit,m
shayam,m
moni,f
ratan,m
sambhu,m
hemant,m
jasiram,m
arif,m
jeetu,m
chandru,m
ekram,m
fharman,m
suzata,f
anurudh,m
nancy,f
jyotsana,f
banti,m
garima,f
parsanjeet,m
lakhami,m
mandi,f
shukramani,f
yashsvi,f
navita,f
nirma,f
dhani,m
faizal,m
damodar,m
vansu,m
nazeem,m
sukhdev,m
ankit,f
niru,f
nargesh,f
hayatul,m
kesha,m
araddhna,f
kelashi,f
rikha,f
sukhavinder,m
narsingh,m
kamar,f
lakhmi,m
rukshar,f
mamanbai,f
nishtha,f
kanhaiyalal,m
kunwar,m
yamini,f
parmod,m
chetana,f
sowar,m
vikash,m
janak,m
radhesayam,m
tohseeem,m
sabnam,f
shyamveer,m
yogita,f
versa,f
simarjeet,f
panaj,m
anchal,f
nahani,f
ramwati,f
rustam,m
pinttu,m
mena,f
shahina,f
dharam,m
aman,f
shahida,f
bacchu,m
shazida,f
bahvarkali,f
shilpa,f
shqakuntla,f
anjan,m
asutosh,m
lavi,f
chunnu,m
khushnuma,f
babulal,m
amana,f
hema,m
mool,m
harsha,f
satyawan,m
gautam,m
mohamad,m
gudia,f
giriraj,m
khusbu,f
jisaan,m
bhola,m
kali,f
subhodh,m
mira,f
anupriya,f
gufraan,m
tarun,m
riyajuddin,m
khusbhu,f
kundan,m
leela,m
disha,f
nasir,m
jasvinder,f
alaudin,m
sefali,f
jamuna,f
rambha,f
sarita,m
sikender,m
devika,f
saneha,f
vijendar,m
jeet,m
ruji,f
dikshant,m
fra,f
majid,m
mini,f
junl,m
patik,m
gulabsha,f
jagdiesh,m
montu,m
joginder,m
indara,f
subham,m
bhawna,f
parbha,f
ramlakhan,m
bhateri,f
bajinder,m
tanya,f
aarati,f
minu,f
balwant,m
bhagya,f
mahak,m
samiksa,f
sandha,f
waseem,m
bebi,f
tina,f
rajvir,m
vibhuti,m
ashu,f
uma,f
shayampuri,m
sabbar,m
prinkaya,f
inderpal,m
nasim,f
dhulin,m
lovly,m
wareesha,f
ritika,f
chinta,f
vandana,f
veepinchand,m
nanka,m
kumara,f
abhiraj,m
henkhochon,m
diya,f
vandna,f
kanahiya,m
fazaley,m
vaishali,f
madhuri,f
sonika,f
grace,f
pryanika,f
viresh,m
iram,f
raman,m
raud,m
ramprasad,m
som,m
ankeet,f
prachi,f
deep,m
kalua,m
gori,f
dilsad,m
sanjeeta,f
aamir,m
ameen,m
munesh,f
nand,f
manisha,m
rijakpal,m
aadesh,m
ishant,m
manoti,f
janeshwar,m
buddha,m
khushi,m
fozia,f
anjum,m
akansha,f
ved,m
chaman,m
chetanya,m
sadab,m
constable,m
jasleen,f
sarafraj,m
jenifer,f
murti,f
koshalya,m
goldy,m
gulsher,m
aruni,f
siraz,m
suwa,m
baburam,m
tundiram,m
rekha,m
guljan,f
sadhna,f
naved,m
ankush,m
gaytri,f
manohar,m
bhorelal,m
methun,m
yogendra,m
pari,m
aryan,m
tejpal,m
vishnu,m
ishrat,f
miraj,m
gulab,m
chetan,f
sira,f
reemi,f
halima,f
dhakhadevi,f
molu,m
aanamika,f
noorjama,m
sukhvir,f
niraj,m
veshali,f
farman,m
aakil,m
swarn,m
lali,f
rubi,f
jaiwanti,f
shahib,m
pangita,f
shahnwaj,m
shahiba,f
chetan,m
kanisk,m
bilke,f
punam,f
naryan,m
shaymu,m
panchu,f
danish,m
bhikhari,m
dharambir,m
navneet,f
englas,f
killo,f
manosh,m
harmani,m
suleman,m
sabid,m
basanti,f
pirmika,f
janid,f
mahaveer,m
darshan,f
kalpeshwari,f
gulnaza,f
raveena,f
mohmad,m
kumare,f
neeru,f
danwati,f
shankar,f
rubee,f
aasish,m
chetanram,m
kajul,f
adil,m
abida,f
laxmi,m
manuvar,m
mohsina,f
safika,f
fakiha,f
sharib,m
aidtya,m
radikha,f
shamrin,f
aalam,m
nanak,m
amrit,m
azad,m
dharmbir,m
son,m
bhoori,f
manav,m
asmina,f
motiya,f
suhani,f
niyaaz,m
baggusingh,m
nanhe,m
ankesh,m
lakhbir,f
mashli,f
arpit,m
mukhtiyar,m
ramjani,m
guni,f
aashu,m
nagendra,m
sheetal,f
sohaib,m
lokendra,m
parmila,f
sajid,m
padam,m
radhika,f
paras,m
chabi,m
firdous,f
vikrant,m
lta,f
amjat,m
rajvi,m
shabnam,f
radhe,m
harleen,f
dular,m
har,m
bhagwan,m
deshraj,m
rajneesh,m
gouri,f
basir,m
hawa,m
vijendra,m
aditya,m
makbul,m
mudbir,m
omprakash,m
govinda,m
sumaila,f
manju,m
lahida,f
shabina,f
brijlal,m
phuli,f
bhoop,m
versha,f
shakti,m
hajrati,f
jafar,m
hira,f
kishn,m
majida,f
sumnesh,f
baljeet,f
deepansu,m
harvansh,m
rati,m
papa,m
chandan,f
anwarulhaq,m
khusboo,f
namarta,f
sabir,m
munish,m
mansur,m
gitika,f
yashoda,f
shahnawaz,m
samsuddin,m
pratul,m
maatwar,m
jitan,m
arajun,m
ayube,m
mahak,f
vinod,f
nawab,m
ali,f
masuma,f
nemsi,f
salim,m
rima,f
gora,m
zina,f
mayank,m
anooj,m
ashwini,m
kaish,m
dipika,f
birma,f
tamana,m
karandeep,m
sweety,f
satender,m
shiya,f
sarvash,m
rihan,m
bhagwati,f
alisha,f
pareen,m
harshit,m
pinkee,f
jebi,f
karunakar,m
ishawari,f
parvti,f
afzal,m
chhidu,m
neni,f
axat,m
jashgul,f
bansilal,m
anara,f
khushboo,f
iarfan,m
narbahadur,m
pampa,f
heena,f
shrikant,m
laskshita,f
shubham,m
kanchi,m
parul,f
dhirpal,m
dheeraj,m
davender,m
vasuki,m
shobhit,m
suhaliya,f
shaulal,m
rosy,f
sarika,f
khima,f
kuntesh,f
mannu,m
krishka,f
anandi,f
panchuram,m
sazid,m
durganand,m
rameshwer,m
jitesh,m
sarvan,m
chitra,m
payana,f
bala,f
siksha,f
malkeet,m
ibarhim,m
aanad,m
patras,m
akif,m
satbir,m
devpal,m
ghurul,m
bram,m
seetal,f
maushid,m
unnati,f
muneer,m
mukul,m
kusumlatta,f
nathi,f
bhteri,f
paramveer,m
badal,m
razi,m
mahadev,m
latif,m
gulbasha,f
gurvinder,m
krishana,m
niranjan,m
kishor,m
kirpa,m
ranjita,f
tulsi,f
siya,f
babli,m
noor,f
jaibhagwan,m
muzaffar,m
ranjan,f
shivkumari,f
kayamuddin,m
anaji,f
bhismpal,m
shabuddin,m
brij,m
nootan,m
keshar,f
ankala,m
tara,f
simranjeet,f
ranjan,m
barkha,f
attar,m
anil,f
sarfaraz,m
bindi,f
sehjal,f
amol,m
rohan,m
bhavesh,m
nirosha,f
mangilal,m
budhwanti,f
aftab,m
marukh,m
taniya,f
lakhan,m
riya,f
firakat,m
mohni,f
giri,m
jasmen,f
nafeesa,f
dimpy,m
ayush,m
geetanjali,f
anuja,f
hitesh,m
sujli,f
maharaj,f
tisar,m
parniti,f
rupen,f
shimran,f
mohammad,m
dayaram,m
dalip,m
ajab,m
mustafa,m
tabassum,f
shyama,m
naseef,m
sahaja,f
umasankar,m
bhupendar,m
niranjan,f
santoshi,f
ramphal,m
abbal,m
sakila,f
rafiq,m
nagina,f
salmi,f
dhurve,m
shajiya,f
bansi,m
omkar,m
rithik,m
farhanaz,f
vipan,m
ranki,f
sukshana,f
lokindra,m
yash,m
jannat,f
dakshya,m
naruram,m
mukesh,f
prhalad,m
mahfooj,m
satpal,m
tulasi,f
vasu,f
kala,f
chamanlal,m
arsad,m
shaira,f
navneet,m
dhan,f
mukund,m
gitali,f
dhana,f
maqsood,m
sneh,f
huma,f
tazaudeen,m
safe,m
nandani,f
vishamitra,m
ibrahim,m
babar,m
devendri,f
nishant,m
braj,m
tamsa,f
nayan,m
nwed,m
shelesh,m
sikandar,m
sidharth,m
farhana,f
hagami,f
bitoo,f
raziya,f
salupa,f
gajwanti,f
keshu,f
sugna,f
tanish,m
karanveer,m
sakib,m
charnjeet,f
mota,f
hardik,m
sufia,f
jumman,m
amrik,m
shamsher,m
krishnal,m
kingkar,m
tamnna,f
nila,m
basibul,m
rashimi,f
nipun,m
hassan,m
khurshid,m
bushara,f
tanvi,f
kirtiman,m
manmath,m
seema,m
deepmala,f
raju,f
seta,f
gulab,f
kulbir,m
keli,f
jasbir,f
mazida,f
raghuveer,m
rubbina,f
shami,m
vishvash,m
zeba,f
mansi,f
depali,f
rasid,m
pravendra,m
anandwati,f
dhrampla,m
sameena,f
rinky,f
manjesh,m
mabiya,f
rajeswari,f
gyanu,m
hamsiran,f
ramvihar,m
manuja,f
lavali,f
pushplata,f
ghasiram,m
gauri,m
busness,m
harender,m
nirmal,m
tanuja,f
raghubir,m
rakhila,f
gurmeet,f
gulnaj,f
bhupender,m
mul,m
rishi,m
manvendra,m
beeuty,f
aash,m
imamudeen,m
gurdayal,m
guddu,m
shree,f
parashram,m
phoolwati,f
partab,m
aabid,m
tanvir,m
jaimata,f
nazeer,m
rihana,f
uzma,f
kashis,f
sukka,m
sarojni,f
uday,m
jasmina,f
swetha,f
shahnawaj,m
sadiya,f
puspa,f
lasar,m
saksi,f
sawali,m
rajuddin,m
pooran,m
neelkant,m
punit,f
ganga,f
sharat,m
papiya,f
suminder,m
girdhari,m
nashrin,f
boduram,m
premchand,m
jay,m
gytri,f
chettan,m
tahir,m
sukumar,m
noorjaha,f
harbhajan,m
paro,f
abhijit,m
lala,m
bir,m
chander,f
harbanschauhan,m
ranju,f
jasmeet,f
mandeep,f
etahsaam,m
veeri,m
gafur,m
bidhya,f
krishna,m
yudhbir,m
shashikant,m
dhan,m
fasrun,f
lalutha,f
golu,m
prmod,m
shakuntala,f
keshri,m
chaya,f
bhatri,f
kushal,m
ekta,f
rimjhim,f
shakshi,f
warnakulasuriya,m
yesh,m
anjrej,m
rube,f
aijay,m
gopi,f
baban,m
ganpat,m
bhavishya,m
swami,m
gangaram,m
kallu,m
mnisha,f
abhishak,m
shishpal,m
nathulal,m
devasheeh,m
osier,m
mesak,m
khemraj,m
gona,f
dhapa,f
bhundki,f
lavpreet,f
nainshi,f
parvej,m
hasim,m
viram,m
meenakashi,f
rahmat,m
kusuma,f
tamana,f
tumpa,f
sishpal,m
mohseena,f
bhushan,m
nizam,m
hawa,f
rajia,f
shabanam,f
shubankar,m
hera,m
bahadur,m
tanuj,m
girish,m
halki,f
furkhan,m
mujahid,m
sankar,m
kavit,m
chandkor,f
rashida,f
sushree,f
sus,f
mitali,f
sardeep,m
nabal,m
juvel,m
jagan,f
sozi,f
darfasha,f
salma,f
sunder,f
manwi,f
musmi,f
lakshman,m
shreemati,f
paramdeep,f
sajni,f
momina,f
shaboob,m
tulki,f
rukmani,f
rubiya,f
srishty,f
riju,f
pankuj,m
suja,m
zakir,m
saziya,f
lokesh,f
visan,m
yashbir,m
wasim,m
shma,f
jeenat,f
one,m
madhusudan,m
mustki,f
robin,m
musibat,m
balbir,m
parsant,m
dhamender,m
parven,f
kamil,m
bajrang,m
pyari,f
mishrilaal,m
mehronisha,f
pharjana,f
krashana,f
nupur,f
sakuntala,f
ranikhan,f
anta,f
susanto,m
durgesh,m
tinku,m
lakhi,f
rehan,m
sandip,m
rama,f
vidhi,f
sanpat,m
koshal,f
bhanwar,f
gobind,m
shankarlal,m
samreen,f
iswer,m
riyajul,m
bholu,m
sahin,f
navjat,f
asana,f
tamnna,m
parsann,f
tofik,m
trlokchand,m
imtiyaz,m
sujeet,m
tek,m
mallik,f
arsh,m
jafrul,m
rihaan,m
julficar,m
durgesh,f
zenab,f
sifa,f
rajpal,m
evan,f
sarda,f
anshika,f
munia,f
dhurv,m
jaffar,m
pulita,f
israil,m
mohardi,m
swetna,f
shivnath,m
bhanweri,f
bashudev,m
satendra,m
jamad,m
chirag,m
kajol,f
baljeet,m
alkesh,f
devid,m
salama,f
lakshmi,f
kamini,f
jitendra,m
shan,m
swatri,f
roopali,f
sundri,f
nasibu,f
shambu,m
abhisek,m
nihalchand,m
mehboob,m
mamata,f
gunja,f
noni,f
dharmvir,m
mansa,f
laxmikant,m
brijesh,m
jaideep,m
udi,f
sunaki,f
nooralha,m
umar,m
jenab,f
tapan,m
prinka,f
rabiya,f
khusaboo,m
gurbax,m
harana,f
khemchand,m
sheikhsai,m
anam,f
sagufta,f
abhishekh,m
nila,f
shampa,f
faimuddin,f
mukish,m
irfa,f
mema,f
jameer,m
naushad,m
rupesh,m
harpal,m
sidh,m
inderjit,m
chandrakala,f
laukush,m
harendra,m
panchuri,f
sunhara,f
wakar,m
sandeep,f
kamal,f
manlisa,f
sayada,f
elvis,f
sabhya,f
sakina,f
digamber,m
viccky,m
reyaz,m
adityalok,m
nandita,f
arzoo,f
rashab,m
bimlesh,f
binita,f
muni,f
hajari,f
dhreej,m
aanand,m
pinku,f
aashish,m
abul,m
riyajudin,m
sahnara,f
jagir,m
chitrangan,m
sangeta,f
anja,f
nikki,f
harpreet,m
muqhtar,m
haseef,m
hasina,m
chotti,f
nafisa,f
jaichand,m
tasnim,f
reddy,m
dharamvir,m
khushbhu,f
jinat,f
shah,m
youraj,m
bharati,f
aradhana,f
devashish,m
aagand,m
vahab,m
fahija,f
birmati,f
tamanna,f
najis,m
megraaj,m
raisingh,m
sourav,m
majoo,f
faizudeen,m
nashimuddin,m
shila,f
navin,m
krish,m
brijmohan,m
mithu,f
samvedna,f
kirshan,m
pavan,m
kamna,f
vikky,m
harpreet,f
bishan,m
tariq,m
rina,f
rajkumaree,f
ishan,m
gendi,f
alma,f
suhana,f
anarkali,f
ameer,m
parminder,m
taushif,m
vasim,m
deepvhand,m
bhart,m
sparsh,m
manku,m
kishmat,f
asfaq,m
bhagvati,f
ahamad,m
hanif,m
parinka,f
sneha,f
natu,f
aashis,m
sadik,m
sheensar,f
aatif,m
kasim,m
mamchand,m
ladi,f
dilsah,m
uda,m
divyansh,m
puspha,f
samya,f
ratnesh,m
nawal,m
visham,m
sukhsohan,m
piyush,m
jittender,m
manful,f
naval,m
rakki,f
rehaan,m
chtarpal,m
incee,f
meenat,f
salni,f
dakshina,m
dhruv,m
sauhal,m
ranita,f
hemanshu,m
kanki,f
omparkash,m
laldhari,m
paramjeet,f
maneesh,m
habib,m
harshita,f
sohail,m
fahira,f
kamaldeep,m
shibu,m
kokila,f
deyji,m
ashikeen,m
kawal,f
dharamvati,f
kant,m
gajender,m
nikkhar,f
gensingh,m
bimla,f
ishika,f
sarafat,m
devanand,m
mujmmil,m
sundar,m
samser,m
shahjad,m
marjina,f
sawana,f
bhuli,f
jagan,m
vakila,f
gurbachan,m
naulakh,m
kaluram,m
chhavi,f
ramsurat,m
narendera,m
maansingh,m
dya,m
neetu,m
daya,m
shabanm,f
zaid,m
kalawati,f
simren,f
sabeeha,f
sukul,m
pappy,f
rahi,f
banwari,m
farah,f
sosan,f
baita,f
deeraj,m
fatma,f
noorjahan,f
dipak,m
akhileshwer,m
harimohan,m
sawatri,f
maryana,f
amrik,f
cheddi,m
jyoti,m
leelu,m
munder,m
shumita,f
abhinay,m
sonal,f
angda,m
devli,f
amanjeet,f
haseen,m
rooshi,f
akthari,f
rozi,f
samar,m
partyush,m
beby,f
chtar,m
veena,f
gotiya,f
hukum,m
balaram,m
supyar,f
shaheen,f
niraj,f
arbaj,m
nizamuddin,m
subhi,f
salmaan,m
raseel,m
puskar,m
neelachal,f
lambhu,f
raisuddin,m
saniya,f
kanku,f
narander,m
chiddu,m
jareena,f
taitra,f
shriram,m
nandi,m
pram,m
begumpur,f
rijul,m
rinku,m
savir,m
rajdev,m
sushmita,f
jakh,m
bhupen,m
saroz,m
kashish,f
jaidul,m
amjad,m
krishana,f
sube,m
arshi,f
satnarayan,m
dhananjai,m
chunni,f
bismilla,f
amri,f
mahvish,f
kushumlata,f
michael,m
akash,f
rudhra,m
harry,f
sniya,f
nadeem,m
sirish,f
bhawani,m
mohsin,m
sofali,m
parmeshwari,f
simran,m
maj,m
guddiya,f
nayna,f
kamleshwar,m
neeshu,m
mantasha,f
khokan,m
jaibir,m
amandeep,f
sevak,m
sweeti,f
chitra,f
virendra,m
karamvir,m
mithilesh,f
abid,m
dhanjay,m
dharampal,m
dalchand,m
partibha,f
minakxi,f
neeraj,f
sazmin,f
dhodi,f
mathura,m
sanjiv,m
ashima,f
sukhbir,m
anoopama,f
pawni,f
deva,m
reenu,f
ravikant,m
mahkar,m
warish,m
avdhesh,m
saidas,m
khalil,m
badri,m
phool,m
nagender,m
sanjna,f
alijan,m
abhinwav,m
mumtaj,f
tarif,m
gulam,m
namita,f
jagjiwan,m
sarbjeet,m
soban,m
sonaki,f
salauddin,m
ramnihor,m
rup,m
susma,f
perkash,m
yoshoda,f
juli,f
radat,m
sonam,m
deepshikha,f
lilabai,f
goruav,m
babloo,m
radhadalal,f
hanuman,m
jomiya,f
gulabsa,f
bhan,m
shanjhan,f
rehana,f
riyazuddin,m
indal,m
murli,m
barti,f
tushar,m
kirorimal,m
abdullah,m
annju,f
dolly,f
tunda,m
sarkar,m
jahgeer,m
joohi,f
panchhi,m
hiramani,m
khajan,m
prabhatyashi,m
jaanu,m
rajmani,m
shaba,f
mantosh,m
priti,m
reema,f
mangala,f
hasrat,m
sukhmit,m
punni,f
akshita,f
naseem,m
kalish,m
vikarm,m
mobin,m
nanu,f
rabina,f
gomati,f
manu,m
novisha,f
unknown,m
manjit,m
lukkad,m
ramdin,m
uagantaxra,f
ramotar,m
parkash,m
aru,m
ladakunvar,f
bhalaram,m
piroj,f
rizwana,f
muntajar,m
rahul,f
nshima,f
kmla,f
vinit,f
udmai,m
bindvasini,f
faraheen,f
bagdai,f
rakhi,m
paka,f
prabhila,f
koslya,f
hem,f
malika,f
jaspal,m
shehnaz,f
hemuna,f
bipnesh,f
seeriya,f
basnti,f
braham,m
awdesh,m
keshar,m
rupi,f
guruvachan,m
shahnabaz,m
rakkibhul,m
shokat,m
kuparth,m
aabida,f
aaftab,m
tane,f
amarchand,m
jodhi,m
mitlesh,f
rebecca,f
ajima,f
parmeshwar,m
rainu,f
vinder,f
ziyabul,m
geetu,f
faraha,f
bhanu,f
sanjit,m
shanu,m
karnesh,m
himansu,m
sital,f
khairul,m
stephen,m
rame,m
banita,f
dalpat,m
amijan,f
hasan,m
mehfooj,f
gulnaaz,f
godambari,f
josin,m
rajkanwar,f
santra,f
vibhash,m
tripti,f
jugal,m
akbari,f
suraja,m
zile,m
iswar,m
priynka,f
sandee,m
bhavishy,m
ramdulari,f
dharmendera,m
sumirta,f
sivhani,f
fool,f
chote,m
ompati,f
smariti,f
sumalia,f
sangeet,f
fooljhnah,f
tarannum,f
sikander,m
alok,m
umma,f
shyoram,m
nisa,f
chndrakla,f
ragwender,m
ramanand,m
tej,m
sharshwati,f
kunda,m
chhabi,f
sudhama,f
joga,f
adhish,m
devki,m
kaleram,m
najim,m
tarawati,f
biwa,f
irfan,m
matul,f
dauji,m
taslima,f
kelama,f
ajim,m
geeta,m
birbal,m
vidya,m
ravena,f
jaspreet,m
jeeth,m
siraj,m
schin,m
shaturughyan,m
sunny,f
jayotli,f
gjender,m
omender,m
uttam,m
moinuddin,m
rahil,m
mamuna,f
munender,m
dhramender,m
sakhichander,m
sukh,m
ramkanya,f
supriyal,m
ayub,m
kalpana,f
tirath,m
rucksana,f
nazmuslam,m
lakhya,f
aishwarya,f
jamaal,m
ahupendra,m
pabitra,m
krishama,f
babbi,f
susheela,f
baccha,m
viney,m
naeem,m
momin,m
nasira,f
lali,m
aadish,m
kamni,f
nursa,f
devdhari,m
amarnath,m
suriti,f
ranpal,m
nijamuddin,m
bhagwan,f
ramdyal,m
devender,f
maina,f
kamran,m
saana,f
sivam,m
nutan,f
aarif,m
nooreen,f
shanta,f
husna,f
binani,m
sally,f
jagmal,m
sukmani,f
sehran,f
amart,m
sakuntla,f
ataullah,m
chumki,f
hasmi,f
ruppa,f
nijamudeen,m
prabhudayal,m
jawed,m
shadiya,f
surgayani,f
kosalya,f
hanish,m
nirja,f
ahmad,m
pukharam,m
ruvi,f
gyan,f
farhin,f
santna,f
kohinoor,m
shahna,f
naveela,f
annavi,f
paryanka,f
rinka,f
mula,m
shaving,f
monish,m
bangali,m
ramchandr,m
dataterya,m
devya,f
jagbir,m
satvida,f
nashim,m
nadim,m
ayasha,f
pardep,m
gulfasa,f
shreeniwas,m
anmol,m
khooshboo,f
rajeswary,f
narhasi,m
mustaq,m
sucheta,f
mishra,m
sulochna,f
saaniya,f
nazahat,f
udai,m
haju,f
aaradhana,f
durgawati,f
veerbhan,m
jaipal,m
murgesh,m
mahi,f
sera,f
neelima,f
udit,m
ramila,f
premature,f
alseepa,f
renuka,f
vimukt,m
kalam,m
snehlata,f
doodhnath,m
joy,m
rathan,m
damini,f
khushabu,f
himanshu,f
upasana,f
kabul,m
kitti,f
rajeena,f
raees,m
atiq,f
avdesh,m
akshat,m
nima,f
munna,f
bhakuni,f
hamida,f
rammurti,m
kalla,m
kirodimal,m
subash,m
jeesan,m
premi,f
phoolwanti,f
gugna,m
pinkoo,m
kisan,m
prabhakar,m
nasreen,f
jagdeep,m
parvinder,m
sinder,m
tauseek,m
jankidas,m
dhrambir,m
priyanshu,f
sarju,m
shahjadi,f
shivram,m
alfiya,f
raghunandan,m
kimmi,f
raminder,f
ajmer,m
pritam,m
asgar,m
vijay,f
sahawaj,f
dimple,f
tulsi,m
ranbir,m
janardam,m
rishaw,m
ashman,f
sakura,f
thakur,m
luv,m
farheen,f
anaro,f
kumari,m
archan,f
pannalal,m
premsingh,m
gurfaan,m
kailaki,f
aswin,m
ankaj,m
jhagdu,m
manorma,f
najda,f
balbiri,f
dhapu,f
kishna,f
tosheeb,m
shuman,f
rambir,m
nirmaljeet,m
damanjeet,m
afsana,f
mahindra,m
abhilasha,f
shripal,m
faisal,m
mohmmd,m
anu,f
narbir,m
suraiya,f
sitaram,m
rajrani,f
deep,f
jockyipai,m
banwarilal,m
khursid,m
sattaram,m
naveena,f
amarin,f
begum,f
faran,m
swaliya,f
rohthash,m
mangat,m
vipta,m
pargat,m
jagviri,f
radesyam,m
sunaina,m
babbli,f
samsher,m
sakal,m
pravesh,m
nosad,m
ikrar,m
san,f
rahim,m
fornta,f
dhanwanti,f
kalavati,f
chatan,m
dayavati,f
nehal,f
faimuddin,m
sohni,f
tania,f
susan,m
sehjamal,m
megh,m
gurudut,m
amita,f
janky,f
niwas,m
shahvaj,m
rimpy,f
aasma,f
dauad,m
naroo,m
gulesta,f
nannu,m
jenny,f
saista,f
kesavi,f
sarswati,f
udesh,m
faruk,f
mamuni,f
akil,m
muskuran,m
waheeda,f
vedprakash,m
saksham,m
bhuri,m
albaksha,m
rajeshwar,m
nootan,f
bashanti,f
faiz,m
parvesh,m
dal,m
urmila,m
devasish,m
bal,m
aashik,m
sabbo,f
majrula,f
alapna,f
sai,m
nazira,f
moshad,m
keshav,m
prafhool,m
aatikun,f
nahar,m
abhaysingh,m
harichand,m
chanab,f
satosh,f
vipiv,m
dharma,m
jahirul,f
mithu,m
punita,f
natasha,f
sivani,f
siya,m
kbeta,f
tunni,m
job,m
jeeren,f
neki,m
noornabi,m
rahimuddin,m
aashi,f
ashif,m
suhel,m
jagjeet,m
budhan,m
ish,m
nankesh,m
prempal,m
rukhsona,f
naresh,f
chhantu,m
anupama,f
gauravgil,m
sat,m
indresh,m
rohini,f
charu,f
najreen,f
jainab,f
mati,f
ladli,f
satyender,m
lakshay,m
anisha,f
bipin,m
jitendera,m
jayoti,f
oma,f
paratibha,m
hukma,m
mona,m
khairti,m
bijender,m
navi,m
adalat,m
saroja,f
kashish,m
badami,f
utpana,f
viren,f
jagtar,m
peena,f
bhuneshwar,m
prabhat,m
jarina,f
nasima,f
karamjeet,f
satbar,m
ramender,m
sapna,m
archna,m
tinki,f
kamli,f
mosim,m
ankita,f
pholwanti,f
kallo,f
pinki,m
harprasad,m
kushmita,f
abhishiek,m
jagdamba,m
ashsish,m
mosam,f
manjit,f
firoja,f
mojis,f
valentina,f
dinesh,f
kulwinder,m
simranjeet,m
ntasha,f
rasida,f
ikbal,m
dilkush,m
amreen,f
adesh,m
haliya,f
naulesh,m
sanjey,m
nawaz,m
khubhu,f
badrealam,m
pramjeet,m
sngeeta,f
sakil,m
pataso,f
jamir,m
sosari,f
sri,m
gulfan,m
narmda,f
shekhar,m
yadvir,m
harmit,f
ajra,f
kawa,m
sakchan,m
jayuti,f
rocky,m
chaturbhuj,m
farmaan,m
snjana,f
ompal,m
fakrudeen,m
sukhpal,m
fakiri,f
unkar,m
lekose,m
surekha,f
asrf,m
sabrina,f
poonam,m
deepnarayan,m
yognder,m
vikshi,f
reshami,f
sheelu,f
anno,f
mariam,f
rukhar,f
harishchandr,m
srisuraj,m
amrish,m
sarah,f
tanushri,f
subhas,m
gangabal,m
menakshi,f
yoginder,m
abrar,m
indraj,m
atta,f
himal,m
rambarose,m
khurshida,f
devindra,m
sandya,f
venkatswaran,m
suneta,f
rajibul,m
sayma,f
nikky,f
tripta,f
vanshika,f
sameem,m
kamreen,f
hury,f
rubbi,f
afrooj,f
hariram,m
pano,f
mitthun,m
kaushalya,f
bitto,m
mukhtar,m
durga,m
brajesh,f
premo,f
safila,f
lok,m
panku,f
jaishmin,f
tapsya,f
shankri,f
teja,f
rayish,m
philomina,f
shakar,m
sabnur,f
pabu,m
minka,f
sumender,m
sajia,f
aarushi,f
motolal,m
shailesh,m
prabhu,m
nagaji,m
madhu,m
farid,m
alok,f
satnam,m
sheru,m
irfhan,m
foolwati,f
mnoj,m
mahfooz,m
badan,m
neemi,f
juhi,f
shamima,f
reena,m
yasmeen,f
tanjima,f
pradep,m
mustkim,m
ushama,m
norti,f
mamini,f
sayja,f
ravindra,m
bhabhiya,f
jiya,m
gurcharan,m
gulafshan,f
khimanand,m
sabiya,f
jamadar,m
joty,f
satya,m
naina,m
sayna,f
anantram,m
sorab,m
unknown,f
sathya,m
pujadevi,f
satnam,f
shokesh,m
shaitan,m
sompal,m
navdeep,f
jarim,f
rakho,m
sajad,m
bharkah,f
sumemtra,f
karina,f
aakib,m
aamosh,m
veerpal,m
sapita,f
tilak,m
aamil,m
javedh,m
yasmin,m
jugani,f
jaydurga,f
chapma,f
harshdeep,m
anirudh,m
sanita,f
surinder,m
preti,f
chandracala,f
devki,f
manmeet,m
rahishudeen,m
tohir,m
wazir,m
uved,m
vansh,m
kesav,m
aaliya,f
nazir,m
kuwar,m
charanjeet,f
imamuddin,m
gajala,f
nilu,m
lakhraj,m
azim,m
pervez,m
subramani,f
kaifiya,f
goldi,m
jaynarayan,m
muksndi,m
sadique,m
tanisha,f
sam,m
girjesh,f
shiteel,f
shail,m
lakky,m
kastoori,f
jani,f
firdoesh,m
tasbiha,f
rubal,m
vimlesh,f
genda,f
armaan,m
ashra,f
nency,f
maanmati,f
shenaz,f
kalapana,f
ramdhin,m
lashma,f
alim,m
kanhiya,m
vinit,m
shetan,m
saruf,m
neelajan,m
ramkesh,m
shahruf,m
kristina,f
punnet,m
rakeeba,f
rishab,m
aastha,f
bharkha,f
vinayak,m
menadevi,f
gattu,f
kalicharan,m
deu,f
nausad,m
bhawan,m
ganeshi,f
avnit,m
used,m
diwan,m
vaid,m
muzim,m
roji,f
rimmi,f
vineta,f
bhudhi,m
ramjiyawan,m
kimat,m
kamjeet,f
kuldeel,m
vijender,m
hemleta,f
mushir,m
shish,m
rupali,f
aruna,f
safina,f
sartaj,m
jhaban,m
chandeshwar,m
khubi,m
sagrika,f
mujefir,m
manpreet,m
saira,f
grish,m
nesha,f
jasvindir,m
sahajha,f
chhaterwati,f
parveena,f
harib,m
amlesh,m
mehraj,m
mukiman,f
barjraj,m
jhuhi,f
bodh,m
nazirul,m
ikramudeen,m
rishma,f
shabi,f
bagwan,m
rimasha,f
jay,f
rasmi,f
ariba,f
devilal,m
satyaprakash,m
hifjul,m
disi,f
bantu,f
arindom,m
prsant,m
gyattri,f
saveroon,f
kushamvir,f
dishad,m
nabijan,m
phooli,f
dhananjay,m
zhini,f
aarti,m
lakhmi,f
sahbaj,m
shushree,f
mainka,f
nihal,m
yashwant,m
khusbhoo,f
pankajsheel,m
rajl,f
yamin,m
vashim,m
vidhya,f
kripya,f
arafaat,m
jairam,m
mithilesh,m
rinke,f
ramrati,f
bhagwana,m
foola,f
preyank,f
sardar,m
kusumlata,f
aslam,f
ashrabi,f
ramvir,m
arbaz,m
karishama,f
ajaypal,m
khalidur,m
foolmati,f
anusuiya,f
narinder,m
baljinder,m
ratmo,f
ghan,m
musrat,f
sagita,f
kangana,f
umashanker,m
meenaxi,f
na,m
hazara,f
mohan,f
ekata,f
zahid,m
hanny,m
shanwaj,m
fiza,f
baam,m
jatinder,f
gurmeet,m
laka,m
akansh,m
akhlish,m
ateek,m
ramvilash,m
shailender,m
sudeshwer,m
harinder,m
satwinder,f
munnu,m
gulfsal,f
rajwati,f
paramjit,f
gheesa,m
sujata,m
saku,f
shahin,f
kauva,m
same,m
prankur,m
tavraj,m
jitendra,f
alema,f
krisana,m
raishma,f
anjaly,f
aladeen,m
bhotra,m
malchand,m
joycee,f
goutam,m
manimegla,f
nain,m
shina,f
mazhar,m
kayum,m
manoj,f
dhaneswar,f
veerander,m
rangeeta,f
vishvnath,m
chitprit,m
sethi,m
sahista,f
shahnawaj,f
ugam,f
jagrti,f
nazia,f
rahisuddin,m
hazi,m
anadi,f
rajesh,f
dhiru,m
akhtar,m
saahin,f
nanagram,m
vinoda,m
mujaffar,m
kundin,m
hareshwar,m
fuli,f
riti,f
ravindera,m
disha,m
nasir,f
sangram,m
akhlesh,m
shahrukh,m
vijesh,m
awedhesh,m
suda,f
kaushar,f
mahtab,m
harvinder,m
milan,m
aarifun,f
nanhey,m
saifali,f
swata,f
sarad,m
heeralal,m
annpurna,f
nirwat,f
raisha,f
malkiat,m
sameem,f
ravish,m
foranti,f
hemani,f
justin,m
parvashi,f
adnan,m
samim,m
salinder,m
kalyan,m
premawati,f
rennu,f
deelip,m
bhanupriya,f
tausif,m
akram,f
sareen,f
meena,m
sukhdeep,f
khamchand,m
sahdev,m
irsad,f
babram,m
maniram,m
gyan,m
abhijeet,m
amil,m
nazim,m
shaina,f
bidur,m
hyatun,f
pitika,f
rampati,f
noomi,f
chunni,m
verendra,m
rajam,m
mahraj,m
anjali,m
kanchi,f
tarjan,m
tilakraj,m
samay,m
simabharti,f
kiriti,f
rencho,f
zeenat,f
parkash,f
urvashi,f
prinsh,m
baleshwari,f
balbeer,m
nazrana,f
sangeena,f
raja,f
sukhlal,m
indu,f
shabnur,f
alpej,m
sagira,f
guldasta,f
musarrat,f
sama,f
namen,f
nabi,m
chhabeel,m
pasanjeet,m
julekha,f
nikahat,f
neaha,f
kumail,m
meetu,f
mangla,f
sajju,m
manglesh,f
birender,m
akkash,m
omeshkumar,m
shahista,f
danista,f
shanawaz,f
vakil,m
liveri,m
hanumanram,m
sawariya,f
saleem,m
jigar,m
piryanka,f
pratiksha,f
jamil,m
binder,m
chand,f
kamesh,m
annat,m
murshida,f
surendar,m
sayda,f
munshi,m
mandothi,f
rajiya,f
fakir,m
tharu,m
arti,m
tarnum,f
hafsa,f
gaffar,m
aysha,f
asmat,f
sapan,m
rahila,f
tuka,m
manojkumar,m
trilochan,m
hamid,m
barakha,f
jasina,f
bhim,m
jamna,m
tufail,m
ramdev,m
geesa,m
phoolla,f
marium,f
lavtar,m
munesh,m
dariya,f
dolly,m
ramnath,m
sukhvinder,m
tarunnam,f
bajulal,m
deendyal,m
balvinder,m
taufik,m
sokat,m
nahid,m
sandeepa,f
ashim,m
jitander,m
jafruddin,m
kriti,f
aamina,f
jafrin,f
mousam,f
devideen,f
khushnudi,f
juber,f
budhi,m
sudhansu,m
krishn,m
shashank,m
bhopal,f
sourabh,m
peentu,m
asi,m
vishavkarma,f
machhala,f
navdeep,m
jahoor,m
neraj,f
teerath,m
klash,m
faijina,f
sahbuddin,m
nasar,m
daman,m
soyam,m
pallu,m
basanta,f
ganeshi,m
bhagirath,m
chhagan,m
kawaljeet,m
javitri,f
bhusan,m
agyapad,m
laxami,f
chandrram,m
chosh,m
gya,m
omveer,m
nandini,f
mamraj,m
rukshan,m
mithun,m
sadhana,f
yukilal,f
maadhuri,f
shubhan,m
faijal,m
bitona,f
jaspreet,f
nibha,f
tapish,m
hardev,m
hansa,f
parash,m
masoom,m
gulfara,f
jism,m
manjiv,m
simpi,f
nimat,m
aashu,f
kmles,m
sahistha,f
savan,m
haseena,f
noore,m
gurmit,f
zameer,m
sariq,m
lekhram,m
shkil,m
dwarka,m
chhotu,m
sakeena,f
surender,f
pratap,m
motilal,m
chinki,f
mod,m
chura,m
pushpan,f
elwin,m
nida,f
shishram,m
chandki,m
gulista,f
jainab,m
priyaka,f
mammta,f
shkuntala,f
ratneshwar,m
neema,f
rakha,f
sahrik,m
rudra,m
taki,f
badarjahan,f
moham,m
sehnaj,f
randhir,m
prabhu,f
jharna,f
riyaz,m
safali,f
shahnaj,f
kooki,f
samsad,f
taramati,f
abash,m
rohtash,m
barsa,f
angreg,m
iqubal,m
shetal,f
koyali,f
kiniya,f
sriniwash,m
pusgpender,m
hasibul,m
ujjair,m
daljit,f
sahabbudin,m
sanjeev,f
jasvir,f
rajo,m
dharamveer,m
vandna,m
prwem,f
koushik,m
denesh,m
mohanlal,m
sidhant,m
shallu,f
subhiya,f
ramsewak,m
bhramanand,m
sonia,m
laliya,m
noori,f
redhema,m
vishu,m
shano,f
irshrat,f
kela,f
sooraj,m
tassadul,m
deepender,m
sugandb,f
divaie,m
samima,f
kanak,f
vandita,f
jagdeesh,m
rajo,f
hukamchand,m
saridevi,f
jubaira,f
daksh,m
mohhmad,m
moshin,m
jyoty,f
sushail,m
indta,f
subjeet,m
nanu,m
lakhua,m
ramsagar,m
jamshed,m
dibakar,m
amar,f
arifa,f
swadhin,m
chatar,m
dayawati,f
hanshraj,m
shidharth,m
shekh,f
ruanbza,f
aajiv,m
yespal,m
hani,m
shabreen,f
varsha,m
druga,m
salahuddin,m
akshpaat,m
mahendar,m
rafeddin,m
savrin,f
rajkumarm,m
pratima,f
motilaal,m
azhar,m
jitu,m
bhuralal,m
shaid,m
nurjaha,f
chanderkali,f
akhtari,f
mrityunjay,m
triveni,f
swati,m
mali,m
koilu,f
joshna,f
mahbir,m
gursimaran,m
sarfaraj,m
gagan,m
imrana,f
samina,f
aafreen,f
meeta,f
kaushal,f
vyelet,f
bhrkat,m
paul,m
himansi,f
mikel,m
kashum,f
moolchand,m
selva,m
sudesh,m
wajuddin,m
sammiuddin,m
karmbir,m
kurban,m
rachpreet,f
shashi,m
haji,m
imaman,f
bhudevi,f
sahkir,m
avtar,m
darshna,f
manish,f
ikara,f
ganesi,f
shailja,f
nisar,m
tabbwum,f
bahart,m
farku,m
maan,f
arfan,m
durgabai,f
dolat,f
madanlal,m
momena,f
palak,f
sahira,f
nitish,m
sandna,f
aktab,m
nadaim,m
mamu,m
manti,f
jony,m
rambharos,m
vidha,f
taravaati,f
sansaar,m
selars,f
sidharath,m
jaskaran,m
syamsunder,m
prasanta,f
shayma,f
arham,m
anshiya,f
vitan,m
sohib,m
mata,m
kunti,f
moin,m
patasi,f
heera,f
upendra,m
kaleem,m
kalwati,f
saloni,f
banty,m
ramhetu,m
chanpa,f
eldro,m
chanchal,m
sukesh,m
adisan,m
shokar,m
chhedilal,m
munsi,m
meeramai,f
najrin,m
mhendar,m
gurjit,m
mehib,m
anjila,f
nanki,f
asha,m
rampati,m
sashi,m
manbharbai,f
iqram,m
chandu,m
forshan,m
najre,m
chela,m
abhinandan,m
apsana,f
lalan,m
chinu,m
sita,m
parvin,f
aarju,f
shakuna,f
paramjit,m
prakul,m
amrika,m
jankraj,m
shailash,m
aamna,f
versha,m
kosylaya,f
puneeta,f
spna,f
peer,m
shanno,f
jamila,f
aavesh,m
ramjanam,m
manak,m
opendar,m
kachri,f
lakhu,m
karima,f
jagpati,m
faaija,f
umanath,m
mandvi,f
nusrat,f
indervesh,m
gantantra,m
vidit,m
yaswani,m
liladevi,f
akhil,m
sainky,m
katwa,m
lilaram,m
farzana,f
kusham,f
shamshudin,m
jishan,m
shadhna,f
mohmmad,m
bhatari,f
sitender,m
sirajuddin,m
harishankar,m
ajmeri,f
edris,m
azaruddin,m
laltia,f
asharam,m
allauddin,m
premla,f
santi,f
sujen,m
sukjveer,m
budh,m
ghanshayam,m
akhlaq,m
chetna,m
gajla,f
juneb,f
tulsha,f
beragi,m
tavvasum,f
mahabir,m
shoab,m
mohanram,m
sanu,m
chama,f
somprakash,m
virpal,m
kamala,m
farvej,m
shun,f
rajider,m
omperkash,m
mangol,m
mintu,m
rajkarnta,f
midhana,f
meharban,m
rupinder,m
sanoj,m
sunali,f
manjoo,f
mithelash,m
sawitri,f
kausar,m
layman,m
aarif,f
gulreg,m
raksha,f
gulpacha,f
kadu,f
parnav,m
juhi,m
reshama,f
bijander,m
chintu,m
shanker,m
bhajan,m
samundri,f
karmi,f
umedi,f
ajara,f
navnit,m
laxita,f
dilawar,m
krishan,f
nilesh,f
pinku,m
shavani,f
bhag,m
sahjadi,f
injmam,m
chiranjavi,m
nosar,f
rajdulari,f
amuchla,m
madharam,m
afsar,m
supiriya,f
aklim,m
dayji,f
sahajad,m
pakhali,f
beekar,m
atu,m
vijeta,f
jaykumar,m
nipam,f
jamna,f
memraj,m
vishakha,f
sanjoh,f
muhmad,m
saalu,f
kaamini,f
sahil,f
maksood,m
tasleem,f
bacche,m
rahish,m
dushyant,m
phul,f
garupal,m
noshad,m
anchhi,f
ramvati,f
lilaki,f
gandhi,m
bhagirathi,f
ronak,m
beni,f
sukhpreeet,f
sajda,f
golden,f
bhgavti,f
istyak,m
suhsmita,f
lakhsmi,f
pachuram,m
yunus,m
mani,m
prakesh,m
shaukat,m
dumnik,m
meera,m
sanna,f
sazya,f
shrabani,f
anjal,f
bhavna,f
kesnata,f
sarfraj,m
rubey,f
nischaya,m
amreek,m
parathvi,m
kalpesh,m
devendr,m
ashak,m
vishnu,f
nandu,f
shikha,m
shahdab,m
zaheer,m
aanya,f
indera,f
harvans,m
manmohan,m
yadram,m
dord,m
vikramjeet,m
salu,f
sharinimle,f
deepanti,f
janta,m
satrohan,m
phol,f
ombeer,m
shivani,m
lave,m
inderjeet,f
gur,m
murari,m
raghav,m
sushela,f
javuneesha,f
jhanjhariya,f
spana,f
neeti,f
najmin,f
omparkesh,m
jayanti,f
anus,m
saima,f
shanty,f
shabbo,f
vinos,m
fareeda,f
baidnath,m
jisu,m
papudi,f
shanvaj,m
pravin,m
kamrulnisha,f
perveen,m
rambhul,m
maman,m
altaf,m
rupen,m
ramdas,m
bachu,m
konti,f
mahnatha,m
sahlesh,m
bhagwani,f
rupa,m
sudan,m
sarwan,m
ragib,m
radhyshyam,m
dhanpat,m
chran,m
reshmi,f
karansingh,m
kali,m
shukla,f
chandesh,m
rinkal,m
iema,f
rumal,f
upasna,f
islam,m
prema,f
ishwari,m
gulfam,m
vinaysingh,m
vicakha,f
rambabu,m
ilma,f
jayada,f
vimlesh,m
guljar,m
ramdhani,f
bhudev,m
tej,f
nahida,f
natthu,m
mubshshira,f
naseema,f
aakar,m
goldan,f
rinki,m
hariesh,m
sahenaj,f
satveer,m
sokin,m
hemraj,m
hrithik,m
gangajali,f
saran,m
ruchit,m
monti,m
ruksar,m
mohabbat,m
gyarsi,f
saurav,m
divy,f
asanti,f
budhram,m
ramhet,m
benjeer,f
awdhesh,m
rampayari,f
ramnarayan,m
davendra,m
bunty,m
ahmed,m
vidhi,m
jhingi,f
reetima,f
amrat,f
veenu,f
jaimala,f
sarbari,f
munnadevi,f
daya,f
kashif,m
sahgufta,f
nasim,m
chajju,m
mahjabi,f
dorilal,m
pushpanjali,f
varda,f
diljan,m
tajinder,f
gamer,m
hasnain,m
pritibha,f
sufian,m
somender,m
banshi,m
murad,m
khusbu,m
nusrant,f
soyab,m
sntosh,f
bhani,m
darshan,m
minakumari,f
husina,f
pammy,f
taslim,m
sahab,m
dhaniya,f
rajkaranta,f
sarojani,f
shakhtnsana,m
satbir,f
ashlam,m
mohmed,m
sirazudeen,m
mam,f
kamla,m
aphsana,f
siddhi,f
tayab,f
gurmala,f
hiten,m
rajeet,m
nandkishore,m
mitlesh,m
deou,f
anandi,m
mudsir,m
hare,m
anli,m
piyus,m
dumani,f
rauf,m
shanshak,m
mukat,m
ranni,f
chaman,f
parshotam,m
feflibai,f
captain,f
lalital,m
sardhu,m
jhamaku,f
muskarn,f
hazira,f
sultana,f
ajnoor,f
irsad,m
ashishi,m
sumanthra,f
matbar,m
layba,f
alina,f
lawrence,m
afjal,m
abu,m
radhab,f
deeksha,f
vedanand,m
shajid,m
hudi,f
gila,f
batul,f
ramniwas,m
jeta,f
chakra,m
soonam,f
rajinder,m
banarsi,m
mehinder,m
shagufta,f
smradhi,f
talim,m
mohar,m
ravidutt,m
nadu,f
mahveer,m
sourab,m
rambai,f
mooli,f
sheak,m
neeli,f
jarif,m
muslima,f
savina,f
hasibullah,f
sibanaz,f
sarwan,f
sanjai,m
gahnshyam,m
girishi,m
jugender,m
har,f
harishen,m
faizan,m
suchitra,f
sarif,m
sharanjeet,m
jaiguna,f
dharamveeri,f
sabanam,f
janwi,f
parmood,m
hasbul,f
kishana,f
premjit,f
mholani,f
gurupreet,m
mankuri,f
rinka,m
jaslin,f
lavli,f
babbu,f
janmesh,m
rishipal,m
dhanwati,f
sanjay,f
noorpa,f
sohan,f
jacky,m
ajman,m
mallika,f
nepal,m
mudrika,f
sotaj,m
ashtha,f
juhewuddin,m
gulshana,f
sajmeen,f
kupooja,f
kalyani,f
naveeda,f
banju,m
haneef,m
bhram,m
ruksaar,f
firtu,m
umardaraz,m
sheh,m
sawrn,m
lakki,m
jhunnu,f
rijwan,m
satish,f
omprakesh,m
aktri,f
ghisaram,m
tejender,m
hemanti,f
dharmraj,m
gyandeep,m
mamt,f
hari,f
subhagya,f
atitaj,m
banu,f
maahi,f
kanchn,f
roopsingh,m
sasibala,f
gulnaz,f
billu,f
salini,f
poojavarsha,f
asmit,f
furkan,m
jiya,f
amba,f
gango,f
chhitar,m
vickky,m
isnesh,f
aaditya,m
shardha,m
ashish,f
chorag,m
any,f
rajinder,f
surjeet,f
vipin,f
mem,f
sheetal,m
satyvati,f
mustikeem,m
annielal,f
prabha,f
mukeem,m
manudeen,m
vandhana,f
satrudan,m
deewan,m
nassin,f
ahsan,m
gawri,f
kunod,m
sagan,m
ashanjali,f
dimpu,m
bivla,f
jameela,f
aishe,f
sajan,f
divansh,m
jacob,m
kalla,f
rabin,f
jalsingh,m
satayanarayan,m
ratikant,m
shabila,f
jainub,f
geetali,f
jioty,f
parashu,m
kirshna,m
kaptan,m
shital,m
nidhi,m
birij,m
khuma,m
bikram,m
ratiman,m
farhan,m
dishant,m
gulsha,f
samman,f
premwati,f
anamika,f
shabir,m
liyakat,m
para,f
minaxi,f
samaiali,f
hashrat,m
muli,f
sarves,m
midda,m
jasveer,f
tabssum,f
rajdut,m
koshalya,f
jile,m
so,m
chanderwati,f
shulekha,f
parbhu,m
cheete,m
charnjeet,m
ramsingh,m
chain,m
amiraka,f
bhudhashen,m
dashrath,m
yogendr,m
sadhu,m
amiri,m
sampat,f
joni,m
hadisha,f
moti,m
suhail,m
laja,f
dvndavva,f
khasbhoo,f
anushka,f
puranmal,m
nabila,f
babby,f
sachi,m
sajiya,f
mehrunisha,f
hitender,m
adan,m
pulkit,m
sispal,m
jwala,m
isharar,m
ragni,f
aajam,m
huseni,f
samoti,f
aajad,m
munajir,m
jiwan,m
kartar,m
sujanti,f
kanchaniya,f
salomi,f
naziya,f
hongsi,f
devkali,f
saviha,f
dharminder,m
rachnawith,f
sukhdevi,f
bsram,f
fauina,f
pushpendra,m
kale,m
roji,m
gaitri,f
trannum,f
beti,f
dolat,m
biru,m
dilkhush,f
urvarshi,f
arati,f
bhrat,m
monini,f
harsh,f
hoor,f
girishchandra,f
saad,m
chet,m
permeshwar,m
rema,f
santu,m
monti,f
ramba,f
divaraj,m
ashshwer,m
jahagir,m
fitrat,m
magat,m
twenkle,f
sunil,f
eklok,m
akib,m
santlal,m
tajrani,f
fulmiya,m
laxmanram,m
joholal,m
parsnath,m
shakuntlababy,f
anekha,f
hira,m
parsuram,m
puneet,m
mithalesh,f
bhole,m
tehmina,f
fareen,f
sudershan,f
kush,m
magla,f
premnarayan,m
shivaji,m
shivam,f
bhawar,f
sitar,m
bushra,f
sithal,f
yuveraj,m
bhumika,f
sukhram,m
misri,m
onginye,f
alis,f
mandu,m
subrati,m
beeru,m
bheem,m
sohani,f
surajpal,m
lakhvinder,m
nanda,f
sharmila,f
dipanshu,m
wali,m
shrotam,m
brijpal,m
parjinder,m
deepali,m
shabbenour,f
pyarelal,m
asraf,m
antima,f
balalia,f
randheer,m
mukeemuddin,m
nathiya,f
ithilesh,m
tulcharam,m
atanu,m
rinukanwr,f
bishesh,m
jaiprkesh,m
javal,m
rukya,f
kaval,m
ombir,m
puswa,m
sheeak,m
achin,m
bakila,f
arunkumar,m
ahsamin,f
kamraan,m
rasab,m
padma,f
mony,f
madhwi,f
sidarth,m
mahlikka,f
biitu,m
ajmal,f
mulina,f
ishu,m
sorav,m
gaytree,f
amuda,f
naviya,f
sabreen,f
mangeshwar,m
shukveer,m
fahim,m
rupender,m
hanni,m
geernish,m
udaiveer,m
omesh,m
mehphal,m
anjani,f
ruhhena,f
mobsheera,f
sajana,f
suraj,f
nanku,m
rajbeer,m
amritha,f
veera,f
tarun,f
njare,m
khubchand,m
bima,f
balti,f
baldev,m
koyal,f
gulwasha,f
deerendra,m
ujjam,m
mukti,f
hamza,m
bhanmati,f
jisan,m
suryanath,m
rafal,m
vishwanath,m
mercy,f
rukhsna,f
moolchul,m
sudarshan,m
lalmuni,f
saroj,m
revti,f
janardhan,m
santrm,m
marjana,f
ganita,f
ghansyam,m
yasar,m
pista,f
amin,m
dhara,m
kauslender,m
shymo,f
savia,f
prinkya,f
gomti,m
muslim,m
ansar,m
nano,f
dharmshila,f
shushil,m
bharma,m
harbir,m
samra,f
sunilrawat,m
alima,f
gyanender,m
jubed,m
hardam,m
pariksha,f
chandar,m
ramsem,m
rubby,f
vipulander,m
zanmi,m
ramsati,f
dev,f
moral,f
bishun,m
allaraji,m
gyarsi,m
baijnath,m
bitto,f
simmi,f
gorv,m
sunitha,f
buity,f
mobarkar,m
master,m
bholi,f
sutiya,f
mandan,m
pahalwan,m
jashinal,f
ajan,f
indu,m
bikki,m
ramli,f
nrendr,m
rukhsar,m
bintu,m
surjiya,f
panmati,f
shagufta,m
poornima,f
rashid,f
junaid,f
nadem,m
nirutma,f
sehnaaz,f
nelson,m
munkad,m
shubhm,m
jedu,m
kareshan,m
prkesh,m
diwansi,f
tribavan,m
nitasha,f
shanaj,f
meva,f
mittopuri,m
pramatma,m
abha,f
chanchala,f
benjir,f
runiya,f
nitika,f
jaimati,f
nasrul,m
shobha,m
baksi,m
husana,f
mehtab,m
saru,f
phulbi,f
sombir,m
satyvrat,m
subhdra,f
shashwat,m
dakch,m
raji,f
gulran,f
rvina,f
risabh,f
haridutt,m
bhura,m
sedarath,m
ritik,m
ramkiashan,m
mahinder,m
jhakar,m
puspak,m
lakshmi,m
balmiki,m
belo,f
nandita,m
juber,m
shekiba,f
sankarlal,m
salin,m
manni,f
sumnesh,m
harneet,f
shelendra,m
tejender,f
fakrrudeen,m
horam,m
kaloo,m
gunanidhi,m
bhavana,f
bijali,f
khadak,m
surti,f
shbana,f
shakun,f
laddha,m
meeta,m
vishvanath,m
ruhi,f
amina,m
santo,f
gajendra,m
taar,m
bherav,m
luxmi,f
tilk,m
istikar,m
nasrin,f
jeba,f
aagad,m
sone,m
kapiil,m
rimpi,f
lalaram,m
aansu,m
surat,m
nishal,m
yaksh,m
harak,m
sarwesh,f
raghbir,m
farmeena,f
nithyanandham,m
gopi,m
kanheya,m
shalig,m
anuska,f
sachidanand,m
ashiqu,m
soam,f
harmeet,f
najo,f
amba,m
chanderpati,f
sohnal,m
amardeep,m
aparna,f
aditiya,m
kamre,m
sarik,m
mamta,m
badrulla,m
sayana,f
tanjeem,f
robert,m
ujir,m
jaiveer,m
nimesh,m
ushman,f
sharda,m
matok,m
ekamjeet,f
shrimati,f
rajend,m
tasleem,m
ranju,m
bhagwanaram,m
sakiran,f
ansal,m
ruchika,f
surgyan,m
taiyab,m
rusan,f
pushpa,m
lalchand,m
dhaney,m
pushank,m
ramkhilawan,m
manender,m
pariti,f
deepchand,m
abusala,m
bandana,f
rajnesh,m
tashnim,m
hakimuddin,m
shanti,m
shahbuddin,m
shahzad,m
navjoot,m
sanwar,m
ojas,m
khushnaseeb,m
chnada,f
mogli,m
preet,f
dimpal,m
afshar,m
titu,m
mani,f
nazani,f
sayari,f
shruti,f
minaksi,f
janesh,m
metily,m
resmi,f
somanti,f
ramkali,f
amarmula,f
bharatlal,m
bisto,m
mukhtaar,m
nandi,f
kashiram,m
ajju,f
sayra,f
sadhna,m
sangit,m
narender,f
roopam,f
sameeruddin,m
faqir,m
bittoo,m
kachan,f
najni,f
narendar,m
kaushar,m
jesmin,f
shivbhagvan,m
sachi,f
anusoya,f
hiri,f
praveena,f
ehasan,m
baudi,m
shaifali,f
brajendra,m
sahnabaj,m
shahbaz,m
bodu,m
veerendra,m
jagmohan,m
mehar,f
talvender,m
neela,f
soba,f
jakra,f
doly,f
shanwaz,m
dishu,f
pankaj,f
talib,m
gulshafa,f
saida,f
montu,f
kushbu,f
juna,f
rachnu,f
sohal,m
sadod,m
vipun,m
latur,m
deena,f
ashiya,m
sahib,m
anandu,m
omprkesh,m
raniya,f
lakhwinder,m
ravishankar,m
pramil,f
yashdhra,f
parvinder,f
ashmin,f
omjone,m
kamta,f
kalma,f
shiba,f
kalip,m
kaif,m
mahzbin,f
taruna,f
fija,f
radheyshyam,m
megharam,m
rupender,f
chintan,m
joydeep,m
pphola,m
malvika,f
guddo,f
bachheshwar,m
birajbhushan,m
yashodha,f
nakched,m
amandeep,m
gyanendra,m
durgashankar,m
altab,m
nur,m
sarju,f
reekha,f
birgesh,m
nagia,f
chuni,f
tajwar,m
hurji,f
satya,f
tarachand,m
param,m
skunatla,f
sahnaz,m
shimala,f
bhajju,m
izhar,m
ansul,m
mahasingh,m
kasumbi,f
mero,f
afshana,f
amrooti,f
nijam,m
mogan,m
ramkish,m
shrawan,m
siddarth,m
shayra,f
reka,f
safik,m
rafi,m
vikaram,m
fara,f
jabir,m
minitwa,f
sanaali,f
yatin,m
ishmita,f
badnath,m
budhu,m
jasodha,f
supna,f
adi,m
anuu,f
subhan,m
rupan,m
vishva,m
umme,f
rukshan,f
sufiya,f
ashraf,m
saroop,m
phalguni,f
hardas,m
prameshwar,m
parvesh,f
gurjeet,f
parshu,m
harbansh,m
santa,f
tashkkur,f
dhanu,m
amida,f
lucki,m
givinda,m
hazra,f
zareena,f
bali,f
bhawani,f
nazmaa,f
basanta,m
mmta,f
rojmeri,f
mehwish,f
rameh,m
parven,m
shispal,m
sahima,f
eshavarya,f
yeshpal,m
visvajeet,m
ujamma,f
chotelal,m
anupuma,f
vakeel,m
sabenoor,f
popinder,m
sarasvati,f
aakas,m
akilesh,m
astha,f
maheswari,f
kaishav,m
yashika,f
manshi,m
makan,m
meharuddin,m
batasi,f
sabna,f
kartika,f
joyaa,f
animesh,m
samrin,f
twinkil,f
shirishty,f
nanni,m
aarifa,f
kulina,f
jamal,m
mahroj,m
virnit,m
rghuraj,m
dhisa,m
mumtaj,m
azruddin,m
tohmeena,f
jayesh,m
sitra,f
sano,f
kailash,f
manni,m
shabi,m
kashi,m
samiksha,f
mumtaz,f
shivyalam,m
chitranjan,m
chitu,m
rizwaan,m
sarmila,f
gagan,f
abhilash,m
vazid,m
jiyaul,m
tafsir,m
aneeta,f
abhinash,m
raghuvir,m
mhega,f
noorin,f
shyamwati,f
nibo,f
kanishakraj,m
girjesh,m
dulari,f
sintu,f
kalusingh,m
kirann,f
kmo,f
tavrej,m
succha,m
sabeer,m
mitnu,m
gollu,m
nuraish,f
bhoopsingh,m
deen,m
ramgopal,m
rajni,m
gulsan,f
mudasar,m
gotam,m
ratn,m
santro,f
labbhi,f
sunarkali,f
lisha,f
chanderbal,m
aarav,m
chunaram,m
ashwani,f
prittam,m
aachal,f
buchhi,f
saheen,f
sahnawaz,m
sadip,m
azaz,m
najara,f
chandi,m
amarjit,m
hom,m
gulnanj,f
guru,m
mh,m
parshant,m
kunden,m
sundeep,m
chanchl,f
katyayani,f
avantika,f
shalesh,f
ravindr,m
shamim,f
jalwad,m
lavkush,m
surja,m
nosi,f
alk,m
vihsal,m
radhamohan,m
naman,m
ajay,f
sunita,m
baby,m
avaz,m
ujjwal,m
rabpreet,m
subhod,m
sundga,f
gosia,f
jitendr,m
naseem,f
munny,f
pritee,f
nilofer,f
raghuvinder,f
naushi,f
khangara,m
shiv,f
sunarki,f
pancham,m
ashrfi,m
gonsan,m
karma,f
amrta,f
bhagay,f
gladwin,m
meti,f
rsjesh,m
rosanjahan,f
jani,m
shobharam,m
sorbh,m
tajinder,m
silvia,f
victor,m
abhaki,f
poshetty,m
deepu,f
iklakh,m
injum,f
ajmit,f
chandrawati,f
dilshana,f
rawi,f
bindu,m
phoola,f
jimmi,m
pavi,f
vaibav,m
vimal,f
kalpna,m
nittin,m
saud,m
akaash,m
kasish,f
birtha,f
kamrudeen,m
shrinath,m
shivprakash,m
dhola,f
shusila,f
tushal,m
mamita,f
karshana,f
inkoo,m
pushpendr,m
rekhwan,f
jagdesh,m
chhotudevi,f
rippi,f
abhimanu,m
jishant,m
aluddin,m
sanoj,f
rada,m
bulet,m
hukam,m
maujim,m
brahamprakash,m
patender,m
razim,m
amrjeet,m
sanjan,f
prableen,f
manikchand,m
mujibu,m
praful,m
samer,m
nafe,m
reeti,f
munnawar,m
lakshaya,m
rehmat,m
ramdhan,m
mandira,f
chhanoyar,m
bidami,f
hazrat,m
snah,f
dhaneshwari,f
nimla,f
munni,m
shadab,m
syama,f
swapanesh,m
gulashan,m
jya,f
pareeti,f
nathu,f
suchit,m
monu,f
bhuwan,m
mamata,m
arjina,f
sarthak,m
fakerey,m
rafikan,f
suchita,f
vishanu,m
fauji,f
bhemji,m
bagaram,m
govind,f
susmata,m
chatter,m
vikki,f
rozy,f
jeevanlata,f
vijayta,f
husno,f
afroz,f
sehboob,m
nek,m
jaidev,m
tanvir,f
sabbab,m
kailashi,f
khubshu,f
alam,f
dharamender,m
kushma,f
vidisha,f
veermati,f
jimi,m
sharuna,f
himashu,m
bahwana,f
arvinder,f
pool,f
umakant,m
dhurpati,m
kasid,m
pabu,f
gulshad,m
ramakant,m
pujja,m
switi,f
swedesh,m
mukram,m
nikhat,f
girijarani,f
sudma,f
amot,m
nanveet,f
durg,m
sitare,m
zahir,m
rijvan,m
sukrita,f
kamalkishore,m
narayn,f
rajputra,m
birmadevi,f
mehak,m
anjani,m
aazad,m
joyate,f
roopnarayan,m
meghanath,m
shrishti,f
prakshi,f
saizad,m
shushma,f
surindera,m
multan,m
happy,m
seekha,f
ibraheem,m
pokhar,m
imsaan,m
ramu,f
lallu,m
mahboob,m
subhangi,f
dama,m
manfool,f
dhamini,f
jaquir,m
love,m
akshit,m
sahabudeen,m
janaki,f
mustfa,m
kouchu,m
sahun,m
bachhu,m
vidyadatt,m
masum,f
arnab,m
subin,m
piyari,f
chando,f
arnabjit,m
buhan,m
inayat,m
dhanpati,f
satwanti,f
gulafsa,f
gambhir,f
vashila,f
durvesh,m
dhramveer,m
vahid,m
mitthu,m
radha,m
sohel,m
joginder,f
gulfasha,f
ashik,m
kabir,m
eshwari,f
kusumakar,m
choga,m
parmita,f
shadhana,f
asmin,f
srikant,m
rajlaxmi,f
sarin,f
rajshree,f
parmjeet,f
rejaul,m
devik,m
dhuruv,m
mishri,m
indra,m
kiswar,f
bhagwat,m
avinsh,m
naisi,m
jai,f
sushant,m
virat,m
savreen,f
bhura,f
kanhyalal,m
virjiniya,f
maninder,m
arindra,m
parmodh,m
ramdevi,f
vineeta,f
maneesha,f
yameen,m
jaga,m
dhanni,f
syed,m
leo,m
anamol,m
murtibai,f
sheenu,f
neesa,f
taj,m
chhamo,f
arhiyant,m
vijaynti,f
balveer,m
sauni,f
hasir,m
niksiya,f
ramsawroop,m
raghu,m
umrawti,f
faim,m
rohila,f
barham,m
iliyas,m
saral,f
narbada,f
silpi,f
asagar,m
vrendra,m
groti,f
firoj,f
gurubaksh,m
ilyaash,m
ahshan,m
devkran,m
sukheeya,f
ilesh,m
prasant,m
gul,f
ruzina,f
parvati,f
lakh,m
sahishta,f
vaijanti,f
mayur,m
viraj,m
premlata,f
traun,m
kaushik,m
gouri,m
azam,m
rampaal,m
dana,m
konika,f
navendra,m
dwarika,m
gyanwati,m
phoolwati,m
mastan,m
tranoom,f
daljeet,m
attar,f
shimpi,f
hanja,f
sanat,m
jhansi,f
taiyaybh,m
miha,m
kala,m
badshya,m
kumod,m
rookmani,m
dikksha,f
muzamiil,m
roma,f
sejan,f
subhagi,f
galu,m
amrudin,m
channu,f
khushnasiba,f
nekki,f
sanavvar,m
saveena,f
fhaishal,m
akashya,m
nafish,m
urwashi,f
shahgujta,f
tabasum,f
shoan,m
harikishan,m
sazzad,m
modh,m
najarana,f
akhalak,m
somi,f
chitro,f
risiraj,m
baga,m
mahender,f
chotibai,f
sheilesh,m
vidhavati,f
tejvir,m
meeno,f
menu,f
sumita,f
surgayan,m
bannu,m
samaprveen,f
fareena,f
sanjogta,f
tulsa,f
harkali,f
nazrin,f
ishita,f
mhosin,m
saiyada,f
balam,m
devanti,f
guman,m
ashma,f
parmanand,m
julfi,m
anwari,f
tirlok,m
tek,f
beera,f
similata,f
akhilesh,f
tayab,m
harprit,f
newal,m
garib,m
prezi,f
purva,f
rohaan,m
mansavi,f
aesha,f
harison,m
jhalla,m
yasoda,f
durgalal,m
soona,f
sadur,m
palaram,m
munne,m
vaibhav,m
keta,f
munjira,f
shittal,f
irfan,f
chandpreet,m
kavilash,m
kehkasa,f
binpal,m
sen,f
samsudin,m
dhawal,m
prabhjeet,m
bahnu,f
harvindra,f
akbar,m
adiba,f
bohati,f
rini,f
mangla,m
rehmati,f
shyad,m
bachcha,m
dharmendr,m
imtyaz,m
sajida,f
khairu,f
deepka,f
sharad,m
harees,m
hosiyarilal,m
sehzad,m
nazneen,f
subato,m
harinarayan,m
sawati,f
inaam,m
jaivind,m
aariv,m
jasveer,m
jorj,m
shanah,f
laxminarain,m
najrin,f
fazin,f
gyaan,f
kherul,f
vasida,f
chango,f
chandrika,f
usha,m
jasvinder,m
endrajeet,f
hemavanti,f
rajeshvr,m
aasa,f
ajkati,f
tapender,m
shaili,f
gulsana,f
faizur,m
majidunisha,f
kedarnath,m
moona,f
nabav,m
amasi,f
veerpal,f
imtiaz,m
bhupendri,f
nooruddin,m
fazia,f
bajrangi,m
shasi,f
meer,m
nirjla,f
sodan,m
bhagvati,m
deepanshu,m
anchal,m
sehrunisa,f
srheeram,m
rushali,f
prabhjit,m
pryinka,f
avadh,m
aejaz,m
veronika,f
rahu,m
afsari,f
tabsum,f
samit,m
hammad,m
trilock,m
nicharon,f
sham,m
aanil,m
hament,m
sarabjeet,m
tiwankle,f
manesh,m
safiq,m
sohil,m
rajbiri,f
chhaya,f
jully,f
chhanya,f
krashna,f
vironika,f
manali,f
oli,m
birmo,f
parkashi,f
aardhna,f
anwari,m
shalender,m
kausal,m
tikku,m
momin,f
sagiran,f
jat,m
abhash,m
mansharam,m
asiya,f
guddibai,f
rajudi,f
randeep,m
imtyaj,m
anzum,f
lakshy,m
preyojit,m
aphasana,m
vijeta,m
shilap,f
vishal,f
kalpadma,m
vivek,f
safia,f
poga,f
vashu,m
mega,f
wasimuddin,m
rameswar,m
ranvir,m
shyamvati,f
deepika,m
rani,m
naima,f
nensi,f
monny,f
shankuntla,f
sirjna,f
sanny,m
anupam,m
vipol,m
bundel,m
chhano,f
monam,f
panchma,f
kantil,m
sunpreet,f
perdeep,m
jagdambika,m
data,m
shoiba,f
ugma,f
shakina,f
zahira,f
ilyas,m
jasvant,m
anshum,m
jawhar,m
satyapal,m
hardass,m
serul,f
manohari,f
amzad,m
jasvir,m
milap,m
nasrudeen,m
pritesh,m
asman,f
deni,m
mangeram,m
said,m
murarilal,m
manbhar,f
baikunthi,f
aswani,f
misbah,f
ishwer,m
nirbhay,m
saidul,m
rahina,f
anjeev,m
samon,m
ramaiya,f
dhukhu,m
parmeswari,f
sajini,f
ruksin,f
lehru,m
iqarar,m
asho,f
dhakha,f
hararat,m
amratalal,m
manjusha,f
maheshar,f
ranjeeta,f
eliyas,m
khshbu,f
rubjaan,f
vasa,m
dhapoo,f
tyara,f
sujal,m
smshida,f
mookan,m
souvik,m
jaismeen,f
sabhana,f
choti,f
ramkumari,m
ajeem,m
manoish,m
aasha,m
jauli,m
ramfare,m
umesha,f
radhabai,f
fiyaz,m
rinesh,f
bimlesh,m
biran,m
vishesh,m
knheyalal,m
nikil,f
prity,f
gurdeep,f
rambhajan,m
nadhim,m
bulad,m
manpritkour,f
alahbasri,f
nishith,m
avi,f
lovely,m
jaiparkash,m
amie,f
joria,m
jarnail,m
bhiki,f
goldy,f
shahboob,m
tekchand,m
ishatkar,m
rattan,m
shine,f
balak,m
surjit,m
shoukat,m
sabrin,f
farana,f
gali,f
daler,m
firoz,f
libin,m
prabhash,m
bunda,m
alhamdi,f
pratha,m
ajnabi,f
neeven,m
dinkar,m
rajkiran,m
sharmistha,f
bhure,m
aamrin,f
raheesh,m
israr,m
maaya,f
nawed,m
chnda,f
richaraj,f
amreeta,f
harbai,f
isthar,m
sandiya,f
kamakshya,f
narpendra,m
pargati,f
yatharth,m
anjara,f
shanichari,f
pallvi,f
nisat,f
surajmal,m
rai,m
mansha,f
harbas,f
barj,m
ashad,m
shravani,f
saviti,f
seeva,f
chhotelal,m
shahwaj,m
mahmun,f
chhinderpal,m
bobi,m
lada,f
ashnu,f
dwarika,f
priyak,f
nurbi,f
basiran,f
benu,m
varsh,f
grpreet,f
manvir,m
bhojaram,m
nimahe,m
baichan,m
penzin,m
ismaliye,f
poma,m
kulvinder,f
yaadram,m
farhaja,f
latoor,m
laltes,f
kamaal,m
ramdutt,m
shivalika,f
shilly,f
farhib,f
priyaki,f
kismti,f
afzaj,m
sushil,f
rupal,f
rishu,m
gungun,f
tak,m
jhunna,f
halkuji,m
yasodha,f
shiraj,m
badri,f
zoya,f
padama,f
salmam,m
jhora,f
bhagwanti,f
batu,m
tool,m
ruplal,m
aditya,f
ajaj,m
yadho,m
syham,m
suhagini,f
jincy,f
pappe,m
amirul,f
darshana,f
amena,f
palvinder,f
vibha,f
sonali,m
mili,f
daaud,m
repu,m
shazad,m
sunayna,f
vaibahv,m
atish,m
ravindar,m
ladla,m
razida,f
satrughan,m
maneeta,f
avid,m
abhi,m
sayeri,f
sharjprit,f
prannab,m
puspender,m
pandu,m
dineesh,m
minakchi,f
poojadevi,f
depander,m
harbinder,m
desh,m
lad,f
jeeya,m
lawli,m
husnara,f
ashmi,f
gulkasha,f
saieman,m
angan,m
joya,f
jayshing,m
muzmil,m
naraini,f
ramjan,m
sidhi,f
shika,f
sarabjit,f
sinil,m
ravinda,f
somdath,m
nachita,f
saheed,m
kalwant,m
hamim,f
durgash,f
puspendar,m
shaswat,m
kripal,m
putulu,f
harman,m
dilish,f
kaari,m
sanaullah,m
shatish,m
vijaya,f
rupendra,m
bulbul,f
istkhar,m
zuber,m
sumedha,f
chandermani,m
nitam,f
sumant,m
saddiq,m
maksud,m
dharma,f
satyavati,f
shisupal,m
kushagra,f
salesh,m
nini,f
nimmy,f
yuvraj,m
shefali,f
manka,f
rambhool,m
brkha,f
aayesha,f
bhart,f
soheb,m
pooga,f
rosina,f
bagga,f
sidhart,m
arbana,f
shadhik,m
tisha,f
shabra,f
bapu,m
mausam,f
musra,f
barjesh,m
kanda,m
usmaan,m
roshanlal,m
nawali,f
shalid,m
sujan,m
muskhan,f
sahajaha,m
subesh,m
lookman,m
prete,f
firoza,f
ponam,f
kirshna,f
munnem,m
kirashan,m
agrej,m
sisty,f
dipeeka,f
mohad,m
hemlat,f
dipu,m
gilbahar,f
mairi,f
chotum,m
shur,m
mangta,m
shneha,f
hailena,f
nathuram,m
ganpati,m
sidheswar,m
ruchendra,m
punarjyoti,m
nikhad,f
sarain,m
minkashi,f
santi,m
ammar,m
seti,m
narmada,f
baniya,m
bhagvaan,m
pardhuman,m
dilshadi,f
khursheed,m
paru,f
harjeet,m
yogita,m
mujeeb,m
aanu,f
nilofar,f
nishar,f
zainab,f
ishtkar,m
anoura,f
yogeshwar,m
udal,m
lakhamichand,m
lekhraj,m
sazi,f
veeru,m
daks,m
sanchit,m
munmun,f
bhanwer,m
sugana,f
preeti,m
chootu,m
pallawi,f
shahrish,f
rukiya,f
bindiya,f
sahna,m
dildar,m
sanoshi,f
manita,f
afridi,m
gudiya,m
tasmina,f
balwanti,f
smriti,f
taj,f
pushpender,m
diwakar,m
raveena,m
maryam,m
jibanti,f
aalina,f
bhavuk,m
mangelal,m
kana,m
najimuddin,m
harshi,f
keval,m
vashudev,m
rahimun,f
saeshta,f
jainarayan,m
parlad,m
nathani,m
manda,f
shakti,f
punia,m
sateesh,m
shakutal,f
taran,f
salaman,m
vickey,m
bato,f
shilu,f
goopi,m
sehzada,m
kulwant,m
abishek,m
rudmal,m
mehruddin,m
anikesh,m
salina,f
laksh,m
dhermendra,m
turveny,f
bunti,m
man,f
kanok,m
kedarmal,m
ilayat,m
balvinder,f
tabbusum,f
pammi,f
subhapal,f
istyara,m
doulat,m
tavinder,m
dilbag,m
shishul,m
tepu,m
gajraj,m
anjna,f
sinaa,f
andhav,m
vithal,m
phooleshwar,m
shardanand,m
sohanpal,m
sampat,m
yusaf,m
gurdarshan,m
shafi,m
sudhata,f
manchan,f
prami,f
harinder,f
pinkey,f
bhahadur,m
girwer,m
minaxni,f
mokida,m
prati,f
alkha,f
samsung,m
sajim,m
rajna,m
asharani,f
ishawar,f
japneet,f
lajja,f
kifayat,m
numesh,m
jantarpal,m
abhisekh,m
utkarsh,m
birajpal,m
vajid,m
gulzar,m
januka,f
mehandi,m
rajanti,f
anguri,f
bhagipuri,m
sararwati,f
rojmen,f
preena,f
sadre,m
umardeen,m
bhiwani,f
rahat,f
kinya,f
kulbhushan,m
koshlya,f
papu,f
satan,m
peenu,f
navleen,f
ambiya,f
baliya,f
gangadhar,m
avinas,m
jaisigh,m
shekh,m
rajna,f
madhan,m
noojo,f
affan,m
arthi,f
manmeet,f
sudhdev,m
trepti,f
bhauk,m
fareem,f
bharu,m
lalita,m
sabba,f
madhubala,f
muskan,m
gurvinder,f
ashfaq,m
shathi,f
seelam,f
julfikaar,m
gutam,m
gurdeep,m
dropti,f
zuhaib,m
akheelesh,m
shiena,f
gurprit,m
mihir,m
tarnnum,f
shakashi,f
useel,m
sahwaj,m
harshmeet,m
brijnandan,m
shoaib,m
tamu,m
yunishs,m
bobi,f
mjudi,f
ballu,m
beeti,f
makhan,m
suresh,f
pushapa,f
rambrij,m
vishwjeet,m
kisori,m
susri,f
islamudin,m
jotyi,f
tapas,m
amrit,f
patav,m
jalma,f
alita,f
neharika,f
kanhaya,m
priju,m
amarvesh,m
vaishali,m
wilkish,f
monty,m
mahrul,f
jewa,f
inda,f
umda,f
majunew,m
manvi,f
sridwrikaprasad,m
twinkle,f
omprkash,m
tasveeran,f
mushkan,f
vijayanta,f
samsida,f
reenu,m
yogeshwari,f
not,m
momita,f
panchoo,f
hisamuddin,m
gulshtab,f
kudtusu,m
asarfi,m
kishansingh,m
ayushi,f
bironica,f
yaqub,m
whied,m
manphool,m
moharan,f
palvi,f
rituraj,m
dhurav,m
gudya,f
tajmaha,f
marzina,f
prabhjot,f
rajiq,m
nazibuneesha,f
cosmic,f
gulbhar,m
nenshi,f
bhajanlal,m
fulo,f
aasto,m
mehvish,f
anikt,m
rajish,m
iqrar,f
bhonu,m
milkhi,m
prami,m
rakhee,f
partul,m
pragati,f
almas,m
anoj,m
nanhu,m
dayal,m
deba,m
rashma,f
tajuddin,m
long,f
kaladevi,f
maalti,f
sahnaj,m
rantesh,m
nenhe,m
kalap,m
shakeeb,m
uganta,f
samiya,f
aravind,m
bhanvar,m
prabhatilal,m
bhasker,m
vinothini,f
yaqoob,m
husiya,f
ronak,f
sosri,f
suchi,f
deepaak,m
dharmandra,m
ramjas,f
kulli,m
rashni,f
nayana,f
taseem,f
mudssir,m
preet,m
ashan,m
hashim,m
sahnaz,f
priyansu,m
kokil,m
anshita,f
amber,m
satnosh,m
khumlo,f
shamina,f
bhulaee,m
ujjawal,m
mosmi,f
samadhan,m
vilram,m
almina,f
inderpaal,m
yusuf,m
mariya,f
hazari,m
hritik,m
mager,m
jhuma,f
jolly,f
kuwarjeet,m
dipansu,m
shoyab,m
menka,f
binu,f
nanhi,f
sugodh,m
shelly,f
tameezuddin,m
vanish,m
gurmel,f
pritika,f
daveena,f
adersen,m
munnakumar,m
bittan,m
dilvar,m
sakcham,m
jite,m
birpal,m
nandram,m
sarmeela,f
ratwari,m
sadiq,m
omi,m
fazulla,m
nashima,f
daulat,f
zishan,m
surendera,m
hazu,f
samiron,f
lav,m
dhmendar,m
chanda,m
ruka,f
manit,m
gordhanlal,m
dhrampal,m
baleshwer,m
shveta,f
sehbaj,m
bhiva,m
meghu,m
ketan,m
neesha,f
dhrama,f
biraj,m
gagandeep,m
kashiv,m
mohinuddin,m
aditi,f
babbu,m
bandani,f
afarin,f
gufran,m
parkesh,m
urendra,m
vandhna,f
kavit,f
pramjot,m
afreen,f
mangubai,f
badrunisha,f
shyani,f
alish,f
jasveen,m
veeru,f
zamile,m
ramniwasj,m
nirjala,f
pransis,m
bachan,m
tapsyum,f
anuraj,m
samayddin,m
hoti,m
khetra,m
lal,f
galiya,m
rahis,m
chotan,m
shaubha,m
rahnuma,f
alam,m
jamee,f
bigan,f
jon,m
saurab,m
salima,f
kulli,f
pravindra,m
vashanavi,f
nandu,m
bobbi,m
binda,f
meethu,f
sahar,f
lakhi,m
shekher,m
dulal,m
mairy,f
terence,m
beeram,m
saket,m
marshilah,f
amarendra,m
najis,f
shyan,m
sinta,m
iqra,f
amkit,m
kushmi,f
sawarmal,m
imam,m
kaushaliya,f
ilema,f
jhagdoo,m
shelender,m
taleem,m
ramtek,m
dhrmveer,m
seva,f
fuljhadi,f
shil,m
mousin,m
narain,m
chancal,f
gargi,f
veepal,m
harwindra,m
kosar,f
mamoita,f
asfak,m
shokraji,f
smarti,f
kalashi,f
faroj,m
vidyawati,f
sarojini,f
yinita,f
dilbar,m
mohini,m
chandrashekhar,m
chhabil,m
aashiq,m
sahina,f
vinna,f
niti,f
darkash,f
afsha,f
moshri,f
alamin,m
udita,f
sukenta,f
amarawati,f
adrash,m
dharvesh,m
mukaram,m
aansi,f
prashanat,m
sugar,m
bhabhav,m
sanno,f
dirgaj,m
hitlar,m
siyaram,m
yasib,m
satynarayan,m
somdevi,f
sehnaz,f
fida,m
aatir,m
yograj,m
nej,m
tuba,f
pandit,m
jayantadass,m
allabaksh,m
husain,m
naitik,m
chandabai,f
jhumki,f
sanjida,f
muntjar,m
mahbub,m
lushi,f
ran,m
junna,m
bakhtvaar,f
madho,m
tolaram,m
jeete,m
panchi,m
jeetram,m
itvarya,f
sarwitavm,f
bhala,m
baleshwar,m
sahrul,f
sajruddin,m
sarsawati,f
moka,f
pyar,m
sohanlal,m
gopesh,m
kehkasha,f
akeel,m
manisa,f
meenaz,m
firasat,m
sarangthem,f
kabid,m
dixya,f
sila,f
sarip,m
nazama,f
miraz,m
amari,f
bupal,m
murjina,f
akhatari,f
nana,f
vesali,f
somesh,m
tufel,m
sarbash,m
nigar,f
anupam,f
masheen,m
pawna,m
mangu,m
indernath,m
rubo,f
la,m
jaswinder,f
rasul,m
sukkhu,m
lukman,m
durgpal,m
keshave,m
vichitra,m
garv,m
jetender,m
dhalchand,m
tulshi,m
ruckmani,f
maigo,f
lavish,m
namra,f
tabbsum,f
sabila,f
parteek,m
bahrat,m
shivlal,m
chinku,m
kushumavati,f
shanbhu,m
premkanta,f
merry,f
saranjeet,m
rupak,m
ghantoli,m
viplo,m
mnyak,m
binnu,f
siwam,m
santok,f
satu,m
pear,f
ghaseeta,m
jina,f
gurlal,m
lajjavati,f
rajit,m
zafar,m
binnu,m
muskaan,f
babul,m
punkaj,m
garsh,m
yamuna,f
shushila,f
aanik,f
dabu,m
sarshwati,f
sumentra,f
sashikala,f
tripurari,m
shela,f
sayyub,m
sintu,m
sulender,m
susant,m
babudden,m
jit,m
ovaish,m
sushmendra,m
rajendr,m
shib,m
najar,m
bhim,f
kabal,m
pragti,f
sohi,f
dipa,f
barkat,m
umlesh,m
nooralam,m
ladidavi,f
dila,f
gruchran,m
papuu,m
sarjaha,f
sidhrath,m
dipendra,m
anayatha,f
shayana,f
ranjnika,f
mehru,f
sahi,m
farjanul,f
sabi,m
jagnath,m
chappla,f
ezaz,m
anshul,f
mithi,f
firida,f
dolley,f
arshla,f
usmani,f
ragina,f
saddham,m
wiresh,m
bhajandeep,m
lilima,f
chandreshwar,m
rima,m
parem,f
shifali,f
saka,f
amna,f
lalidavi,f
faiyaaz,m
shashibala,f
patric,m
keshav,f
bishana,m
narbda,f
purnmal,m
felicia,f
mahud,m
kamlajeet,f
piuesh,m
miraz,f
natha,m
silpa,f
naryani,f
shsi,m
sartaj,f
gurjeet,m
vindeshver,m
charanjeet,m
saveta,f
vedehi,f
honey,f
sehdev,m
rampal,f
siwani,f
bhaggo,f
hadarali,m
gulafsha,f
sadabkhura,m
shadna,f
ramswrup,m
indrvati,f
haliya,m
arpna,f
nikita,m
nayamati,f
latesh,m
champa,m
kawita,f
manbai,f
teekam,m
dhansinghpuri,m
sehnawaj,m
trijugi,m
bawan,m
fulki,f
foranta,f
bishnu,f
ankus,m
srimati,f
shahabuddin,m
gokul,m
saanu,f
kamana,f
jhoti,f
sharadhha,f
aatam,m
rashika,f
aashia,f
parbhudayal,m
baliram,m
patan,m
pushpender,f
handu,m
geetika,f
ishu,f
esrail,m
haseem,m
divakar,m
dil,m
meela,f
dara,m
pervinder,m
shivcharan,m
kaim,m
anvar,m
khushbari,f
jadu,m
jamrujaha,f
mhoomad,m
bhojpal,m
lilavati,f
kesri,m
sehin,m
najira,f
mushrraf,m
ruben,m
armita,f
ujama,f
shlender,m
nitu,m
badru,f
khush,f
avneet,f
nameeta,f
sharwan,m
aksha,f
shankarbhaya,f
nishu,m
vasiya,f
tipu,f
sanand,m
sobit,m
shadik,m
jaiprakash,m
pramood,m
angoori,f
dipanshi,f
swapam,m
raunaf,f
sna,f
mallo,f
kunj,m
naajim,m
ritunjay,m
sahanaj,f
ramulu,m
rozina,f
noreen,f
tapsam,f
rehman,m
dowlat,m
ansu,m
raspal,m
hena,f
salmakhatun,f
lamani,m
areen,f
sugandha,f
jeenat,m
dibya,f
badi,f
ramwatar,m
veejita,f
morki,f
robi,f
dukhi,m
sukhbir,f
rohil,m
rvindra,m
ridhakaran,m
satyadev,m
brinda,f
shahir,m
ranipal,f
nayaka,f
asmita,f
farjand,m
netrapal,m
duni,m
kushi,f
uganti,f
birma,m
santu,f
sema,f
jayda,f
asrani,f
shulal,m
siwani,m
kalayan,m
nikhleshwar,m
bhhatu,m
mukhtyar,f
ladu,f
kumud,f
warmati,m
araslan,m
brijshwaer,m
ramjanki,f
mustkeen,m
jabbar,m
tikaram,m
sukhbeer,m
swaranjeet,f
ansu,f
mayak,m
nakul,m
chaterpal,m
babupuri,m
sumesh,m
rajjoo,f
sahjad,m
bhanumati,f
satwander,f
shabbi,f
aaqif,m
sumanlta,f
sagit,f
sanam,f
teenu,m
ravinath,m
dabbu,m
shahera,f
minder,m
veenita,f
himanshee,f
kumarage,f
nirvat,f
anamkhan,f
rishu,f
sheish,m
fazil,m
jitin,m
feru,m
bheema,m
dolo,f
senthia,f
faijan,m
bhup,m
phoolmani,f
afrina,f
revakshi,f
subani,f
pitar,m
gani,m
noori,m
khasti,f
aazadi,f
saahil,m
keshanti,f
tohid,m
suma,f
milka,f
velaram,m
shahnam,f
sabana,m
laxmeena,f
dropati,f
manjar,m
gaffur,m
saimun,f
kirpa,f
parmjeet,m
tiwnkal,f
raghubeer,m
javade,f
hemraj,f
tosif,m
noora,m
shohan,m
nazmin,f
jaivanti,f
lateef,m
dalima,f
sahdab,m
pera,m
girja,f
avastha,f
nafees,m
janwi,m
nesha,m
kistur,m
sattu,f
hasmita,f
busra,f
shvani,f
rabhida,f
sundari,f
kismat,f
alikhan,m
sangita,m
fahad,m
ishrana,f
zuveb,m
siza,f
dheerendra,m
rupam,f
kazal,f
pavitra,f
kishan,f
ratneswar,m
virwanti,f
mohak,m
sona,m
mudsay,f
shakeela,f
jamnaa,f
shreee,m
harnam,m
ameera,f
sumoranjam,m
bhavisaya,m
naval,f
shahzadi,f
sajma,f
sushama,f
simmy,f
emran,m
bholaram,m
budho,f
vude,m
ikramuddin,m
manormapal,f
santara,f
tabwsum,f
sukh,f
taranjeet,f
gul,m
maan,m
kumresh,m
shashid,m
vikjay,m
udham,m
chanderkanta,f
gappu,m
noman,m
janam,f
bundhu,m
kaarti,f
bilkis,f
aashif,m
sablu,m
father,f
